county_name,scanner_id,batch_id,count_per_manifest,count_per_cvr_file,difference
Adams,1,3,69,69,0
Adams,1,4,50,50,0
Adams,3,800,20,20,0
Adams,4,1200,50,50,0
Adams,5,1600,20,20,0
Adams,9,3200,50,50,0
Adams,10,2,25,25,0
Alamosa,1,3,69,69,0
Alamosa,1,4,50,50,0
Alamosa,3,800,20,20,0
Alamosa,4,1200,50,50,0
Alamosa,5,1600,20,20,0
Alamosa,9,3200,50,50,0
Alamosa,10,2,25,25,0
Arapahoe,1,1,78,78,0
Arapahoe,1,2,78,78,0
Arapahoe,1,3,78,78,0
Arapahoe,1,4,50,50,0
Archuleta,1,1,78,78,0
Archuleta,1,10,78,78,0
Archuleta,1,100,78,78,0
Archuleta,1,101,78,78,0
Archuleta,1,102,78,78,0
Archuleta,1,103,78,78,0
Archuleta,1,104,78,78,0
Archuleta,1,105,78,78,0
Archuleta,1,106,78,78,0
Archuleta,1,107,78,78,0
Archuleta,1,108,78,78,0
Archuleta,1,109,78,78,0
Archuleta,1,11,78,78,0
Archuleta,1,110,78,78,0
Archuleta,1,111,78,78,0
Archuleta,1,112,78,78,0
Archuleta,1,113,78,78,0
Archuleta,1,114,78,78,0
Archuleta,1,115,78,78,0
Archuleta,1,116,78,78,0
Archuleta,1,117,78,78,0
Archuleta,1,118,78,78,0
Archuleta,1,119,78,78,0
Archuleta,1,12,78,78,0
Archuleta,1,120,78,78,0
Archuleta,1,121,78,78,0
Archuleta,1,122,78,78,0
Archuleta,1,123,78,78,0
Archuleta,1,124,78,78,0
Archuleta,1,125,78,78,0
Archuleta,1,126,78,78,0
Archuleta,1,127,78,78,0
Archuleta,1,128,78,78,0
Archuleta,1,129,78,78,0
Archuleta,1,13,78,78,0
Archuleta,1,130,78,78,0
Archuleta,1,131,78,78,0
Archuleta,1,132,78,78,0
Archuleta,1,133,78,78,0
Archuleta,1,134,78,78,0
Archuleta,1,135,78,78,0
Archuleta,1,136,78,78,0
Archuleta,1,137,78,78,0
Archuleta,1,138,78,78,0
Archuleta,1,139,78,78,0
Archuleta,1,14,78,78,0
Archuleta,1,140,78,78,0
Archuleta,1,141,78,78,0
Archuleta,1,142,78,78,0
Archuleta,1,143,78,78,0
Archuleta,1,144,78,78,0
Archuleta,1,145,78,78,0
Archuleta,1,146,78,78,0
Archuleta,1,147,78,78,0
Archuleta,1,148,78,78,0
Archuleta,1,149,78,78,0
Archuleta,1,15,78,78,0
Archuleta,1,150,78,78,0
Archuleta,1,151,78,78,0
Archuleta,1,152,78,78,0
Archuleta,1,153,78,78,0
Archuleta,1,154,78,78,0
Archuleta,1,155,78,78,0
Archuleta,1,156,78,78,0
Archuleta,1,157,78,78,0
Archuleta,1,158,78,78,0
Archuleta,1,159,78,78,0
Archuleta,1,16,78,78,0
Archuleta,1,160,78,78,0
Archuleta,1,161,78,78,0
Archuleta,1,162,78,78,0
Archuleta,1,163,78,78,0
Archuleta,1,164,78,78,0
Archuleta,1,165,78,78,0
Archuleta,1,166,78,78,0
Archuleta,1,167,78,78,0
Archuleta,1,168,78,78,0
Archuleta,1,169,78,78,0
Archuleta,1,17,78,78,0
Archuleta,1,170,78,78,0
Archuleta,1,171,78,78,0
Archuleta,1,172,78,78,0
Archuleta,1,173,78,78,0
Archuleta,1,174,78,78,0
Archuleta,1,175,78,78,0
Archuleta,1,176,78,78,0
Archuleta,1,177,78,78,0
Archuleta,1,178,78,78,0
Archuleta,1,179,78,78,0
Archuleta,1,18,78,78,0
Archuleta,1,180,78,78,0
Archuleta,1,181,78,78,0
Archuleta,1,182,78,78,0
Archuleta,1,183,78,78,0
Archuleta,1,184,78,78,0
Archuleta,1,185,78,78,0
Archuleta,1,186,78,78,0
Archuleta,1,187,78,78,0
Archuleta,1,188,78,78,0
Archuleta,1,189,78,78,0
Archuleta,1,19,78,78,0
Archuleta,1,190,78,78,0
Archuleta,1,191,78,78,0
Archuleta,1,192,78,78,0
Archuleta,1,193,78,78,0
Archuleta,1,194,78,78,0
Archuleta,1,195,78,78,0
Archuleta,1,196,78,78,0
Archuleta,1,197,78,78,0
Archuleta,1,198,78,78,0
Archuleta,1,199,78,78,0
Archuleta,1,2,78,78,0
Archuleta,1,20,78,78,0
Archuleta,1,200,78,78,0
Archuleta,1,201,78,78,0
Archuleta,1,202,78,78,0
Archuleta,1,203,78,78,0
Archuleta,1,204,78,78,0
Archuleta,1,205,78,78,0
Archuleta,1,206,78,78,0
Archuleta,1,207,78,78,0
Archuleta,1,208,78,78,0
Archuleta,1,209,78,78,0
Archuleta,1,21,78,78,0
Archuleta,1,210,78,78,0
Archuleta,1,211,78,78,0
Archuleta,1,212,78,78,0
Archuleta,1,213,78,78,0
Archuleta,1,214,78,78,0
Archuleta,1,215,78,78,0
Archuleta,1,216,78,78,0
Archuleta,1,217,78,78,0
Archuleta,1,218,78,78,0
Archuleta,1,219,78,78,0
Archuleta,1,22,78,78,0
Archuleta,1,220,78,78,0
Archuleta,1,221,78,78,0
Archuleta,1,222,78,78,0
Archuleta,1,223,78,78,0
Archuleta,1,224,78,78,0
Archuleta,1,225,78,78,0
Archuleta,1,226,35,35,0
Archuleta,1,23,78,78,0
Archuleta,1,24,78,78,0
Archuleta,1,25,78,78,0
Archuleta,1,26,78,78,0
Archuleta,1,27,78,78,0
Archuleta,1,28,78,78,0
Archuleta,1,29,78,78,0
Archuleta,1,3,78,78,0
Archuleta,1,30,78,78,0
Archuleta,1,31,78,78,0
Archuleta,1,32,78,78,0
Archuleta,1,33,78,78,0
Archuleta,1,34,78,78,0
Archuleta,1,35,78,78,0
Archuleta,1,36,78,78,0
Archuleta,1,37,78,78,0
Archuleta,1,38,78,78,0
Archuleta,1,39,78,78,0
Archuleta,1,4,78,78,0
Archuleta,1,40,78,78,0
Archuleta,1,41,78,78,0
Archuleta,1,42,78,78,0
Archuleta,1,43,78,78,0
Archuleta,1,44,78,78,0
Archuleta,1,45,78,78,0
Archuleta,1,46,78,78,0
Archuleta,1,47,78,78,0
Archuleta,1,48,78,78,0
Archuleta,1,49,78,78,0
Archuleta,1,5,78,78,0
Archuleta,1,50,78,78,0
Archuleta,1,51,78,78,0
Archuleta,1,52,78,78,0
Archuleta,1,53,78,78,0
Archuleta,1,54,78,78,0
Archuleta,1,55,78,78,0
Archuleta,1,56,78,78,0
Archuleta,1,57,78,78,0
Archuleta,1,58,78,78,0
Archuleta,1,59,78,78,0
Archuleta,1,6,78,78,0
Archuleta,1,60,78,78,0
Archuleta,1,61,78,78,0
Archuleta,1,62,78,78,0
Archuleta,1,63,78,78,0
Archuleta,1,64,78,78,0
Archuleta,1,65,78,78,0
Archuleta,1,66,78,78,0
Archuleta,1,67,78,78,0
Archuleta,1,68,78,78,0
Archuleta,1,69,78,78,0
Archuleta,1,7,78,78,0
Archuleta,1,70,78,78,0
Archuleta,1,71,78,78,0
Archuleta,1,72,78,78,0
Archuleta,1,73,78,78,0
Archuleta,1,74,78,78,0
Archuleta,1,75,78,78,0
Archuleta,1,76,78,78,0
Archuleta,1,77,78,78,0
Archuleta,1,78,78,78,0
Archuleta,1,79,78,78,0
Archuleta,1,8,78,78,0
Archuleta,1,80,78,78,0
Archuleta,1,81,78,78,0
Archuleta,1,82,78,78,0
Archuleta,1,83,78,78,0
Archuleta,1,84,78,78,0
Archuleta,1,85,78,78,0
Archuleta,1,86,78,78,0
Archuleta,1,87,78,78,0
Archuleta,1,88,78,78,0
Archuleta,1,89,78,78,0
Archuleta,1,9,78,78,0
Archuleta,1,90,78,78,0
Archuleta,1,91,78,78,0
Archuleta,1,92,78,78,0
Archuleta,1,93,78,78,0
Archuleta,1,94,78,78,0
Archuleta,1,95,78,78,0
Archuleta,1,96,78,78,0
Archuleta,1,97,78,78,0
Archuleta,1,98,78,78,0
Archuleta,1,99,78,78,0
Baca,1,1,78,78,0
Baca,1,2,78,78,0
Baca,1,3,78,78,0
Baca,1,4,50,50,0
Bent,1,1,78,78,0
Bent,1,2,78,78,0
Bent,1,3,78,78,0
Bent,1,4,50,50,0
Boulder,101,1,148,148,0
Boulder,101,10,149,149,0
Boulder,101,100,150,150,0
Boulder,101,101,147,147,0
Boulder,101,102,148,148,0
Boulder,101,103,148,148,0
Boulder,101,104,149,149,0
Boulder,101,105,148,148,0
Boulder,101,106,150,150,0
Boulder,101,107,146,146,0
Boulder,101,108,149,149,0
Boulder,101,109,149,149,0
Boulder,101,11,149,149,0
Boulder,101,110,150,150,0
Boulder,101,111,149,149,0
Boulder,101,112,150,150,0
Boulder,101,113,148,148,0
Boulder,101,114,150,142,8
Boulder,101,115,149,149,0
Boulder,101,116,148,148,0
Boulder,101,117,147,147,0
Boulder,101,118,149,149,0
Boulder,101,119,150,150,0
Boulder,101,12,147,147,0
Boulder,101,120,150,150,0
Boulder,101,121,150,150,0
Boulder,101,122,149,149,0
Boulder,101,123,149,149,0
Boulder,101,124,149,149,0
Boulder,101,125,148,148,0
Boulder,101,126,150,150,0
Boulder,101,127,146,146,0
Boulder,101,128,150,150,0
Boulder,101,129,150,150,0
Boulder,101,13,149,149,0
Boulder,101,130,148,148,0
Boulder,101,131,149,149,0
Boulder,101,132,150,150,0
Boulder,101,133,150,150,0
Boulder,101,134,150,150,0
Boulder,101,135,150,150,0
Boulder,101,136,149,149,0
Boulder,101,137,150,150,0
Boulder,101,138,147,147,0
Boulder,101,139,150,150,0
Boulder,101,14,149,137,12
Boulder,101,140,149,149,0
Boulder,101,141,149,149,0
Boulder,101,142,149,149,0
Boulder,101,143,149,149,0
Boulder,101,144,148,148,0
Boulder,101,145,148,148,0
Boulder,101,146,146,146,0
Boulder,101,147,150,150,0
Boulder,101,148,148,148,0
Boulder,101,149,149,149,0
Boulder,101,15,149,149,0
Boulder,101,150,148,148,0
Boulder,101,151,149,140,9
Boulder,101,152,149,149,0
Boulder,101,153,149,149,0
Boulder,101,154,148,148,0
Boulder,101,155,148,148,0
Boulder,101,156,148,148,0
Boulder,101,157,149,149,0
Boulder,101,158,149,149,0
Boulder,101,159,149,149,0
Boulder,101,16,146,146,0
Boulder,101,160,148,148,0
Boulder,101,161,150,150,0
Boulder,101,162,148,148,0
Boulder,101,163,148,148,0
Boulder,101,164,150,150,0
Boulder,101,165,150,150,0
Boulder,101,166,148,148,0
Boulder,101,167,150,150,0
Boulder,101,168,149,149,0
Boulder,101,169,147,147,0
Boulder,101,17,147,147,0
Boulder,101,170,148,148,0
Boulder,101,171,142,142,0
Boulder,101,172,149,149,0
Boulder,101,173,144,144,0
Boulder,101,174,150,150,0
Boulder,101,175,150,150,0
Boulder,101,176,150,150,0
Boulder,101,177,145,140,5
Boulder,101,178,148,148,0
Boulder,101,179,148,148,0
Boulder,101,18,150,150,0
Boulder,101,180,148,148,0
Boulder,101,181,148,148,0
Boulder,101,182,149,149,0
Boulder,101,183,148,141,7
Boulder,101,184,148,148,0
Boulder,101,185,144,144,0
Boulder,101,186,147,147,0
Boulder,101,187,148,132,16
Boulder,101,188,147,147,0
Boulder,101,189,150,150,0
Boulder,101,19,150,150,0
Boulder,101,190,378,378,0
Boulder,101,191,20,20,0
Boulder,101,192,24,24,0
Boulder,101,193,32,32,0
Boulder,101,194,30,30,0
Boulder,101,195,85,85,0
Boulder,101,196,83,83,0
Boulder,101,197,85,85,0
Boulder,101,198,72,72,0
Boulder,101,199,86,86,0
Boulder,101,2,147,147,0
Boulder,101,20,150,150,0
Boulder,101,200,25,25,0
Boulder,101,201,134,134,0
Boulder,101,202,35,35,0
Boulder,101,203,25,25,0
Boulder,101,208,49,19,30
Boulder,101,21,149,149,0
Boulder,101,22,148,148,0
Boulder,101,23,136,119,17
Boulder,101,24,149,149,0
Boulder,101,25,149,149,0
Boulder,101,26,149,149,0
Boulder,101,27,150,150,0
Boulder,101,28,150,150,0
Boulder,101,29,149,149,0
Boulder,101,3,150,150,0
Boulder,101,30,146,146,0
Boulder,101,31,149,149,0
Boulder,101,32,149,149,0
Boulder,101,33,149,140,9
Boulder,101,34,150,150,0
Boulder,101,35,148,148,0
Boulder,101,36,149,149,0
Boulder,101,37,148,148,0
Boulder,101,38,149,149,0
Boulder,101,39,149,149,0
Boulder,101,4,149,149,0
Boulder,101,40,150,150,0
Boulder,101,41,147,147,0
Boulder,101,42,148,148,0
Boulder,101,43,149,149,0
Boulder,101,44,148,148,0
Boulder,101,45,150,150,0
Boulder,101,46,150,150,0
Boulder,101,47,150,150,0
Boulder,101,48,150,150,0
Boulder,101,49,150,150,0
Boulder,101,5,146,146,0
Boulder,101,50,150,150,0
Boulder,101,51,150,150,0
Boulder,101,52,148,148,0
Boulder,101,53,148,148,0
Boulder,101,54,150,150,0
Boulder,101,55,148,148,0
Boulder,101,56,149,149,0
Boulder,101,57,149,149,0
Boulder,101,58,150,150,0
Boulder,101,59,150,136,14
Boulder,101,6,150,150,0
Boulder,101,61,148,148,0
Boulder,101,62,150,150,0
Boulder,101,63,150,150,0
Boulder,101,64,150,143,7
Boulder,101,65,150,150,0
Boulder,101,66,149,149,0
Boulder,101,67,150,150,0
Boulder,101,68,150,150,0
Boulder,101,69,149,149,0
Boulder,101,7,149,149,0
Boulder,101,70,150,150,0
Boulder,101,71,150,150,0
Boulder,101,72,149,149,0
Boulder,101,73,148,148,0
Boulder,101,74,150,150,0
Boulder,101,75,134,134,0
Boulder,101,76,150,150,0
Boulder,101,77,148,148,0
Boulder,101,78,146,146,0
Boulder,101,79,148,148,0
Boulder,101,8,148,148,0
Boulder,101,80,150,150,0
Boulder,101,81,150,150,0
Boulder,101,82,146,146,0
Boulder,101,83,147,147,0
Boulder,101,84,148,148,0
Boulder,101,85,150,150,0
Boulder,101,86,149,149,0
Boulder,101,87,147,147,0
Boulder,101,88,150,150,0
Boulder,101,89,149,149,0
Boulder,101,9,146,146,0
Boulder,101,90,150,150,0
Boulder,101,91,145,145,0
Boulder,101,92,150,150,0
Boulder,101,93,148,148,0
Boulder,101,94,148,148,0
Boulder,101,95,149,149,0
Boulder,101,96,150,150,0
Boulder,101,97,147,147,0
Boulder,101,98,149,149,0
Boulder,101,99,146,146,0
Boulder,102,1,148,148,0
Boulder,102,10,150,150,0
Boulder,102,100,148,148,0
Boulder,102,101,149,149,0
Boulder,102,102,150,150,0
Boulder,102,103,150,150,0
Boulder,102,104,149,149,0
Boulder,102,105,150,150,0
Boulder,102,106,150,150,0
Boulder,102,107,148,148,0
Boulder,102,108,150,150,0
Boulder,102,109,150,150,0
Boulder,102,11,148,148,0
Boulder,102,110,150,150,0
Boulder,102,111,148,148,0
Boulder,102,112,150,150,0
Boulder,102,113,150,150,0
Boulder,102,114,147,147,0
Boulder,102,115,148,148,0
Boulder,102,116,149,149,0
Boulder,102,117,149,149,0
Boulder,102,118,149,149,0
Boulder,102,119,147,147,0
Boulder,102,12,146,146,0
Boulder,102,120,150,150,0
Boulder,102,121,149,149,0
Boulder,102,122,150,134,16
Boulder,102,123,149,149,0
Boulder,102,124,147,147,0
Boulder,102,125,149,149,0
Boulder,102,126,147,147,0
Boulder,102,127,299,299,0
Boulder,102,128,150,150,0
Boulder,102,129,150,150,0
Boulder,102,13,148,148,0
Boulder,102,130,150,150,0
Boulder,102,131,149,149,0
Boulder,102,132,150,150,0
Boulder,102,133,150,150,0
Boulder,102,134,150,150,0
Boulder,102,135,150,150,0
Boulder,102,136,150,150,0
Boulder,102,137,149,149,0
Boulder,102,138,149,149,0
Boulder,102,139,149,149,0
Boulder,102,14,147,147,0
Boulder,102,140,150,150,0
Boulder,102,141,150,150,0
Boulder,102,142,148,148,0
Boulder,102,143,150,150,0
Boulder,102,144,149,149,0
Boulder,102,145,150,150,0
Boulder,102,146,150,150,0
Boulder,102,147,148,148,0
Boulder,102,148,146,146,0
Boulder,102,149,148,148,0
Boulder,102,15,148,148,0
Boulder,102,150,148,148,0
Boulder,102,151,149,149,0
Boulder,102,152,150,150,0
Boulder,102,153,150,150,0
Boulder,102,154,150,142,8
Boulder,102,155,149,149,0
Boulder,102,156,149,149,0
Boulder,102,157,144,144,0
Boulder,102,158,149,149,0
Boulder,102,159,148,148,0
Boulder,102,16,150,150,0
Boulder,102,160,147,147,0
Boulder,102,161,150,150,0
Boulder,102,162,150,150,0
Boulder,102,163,149,149,0
Boulder,102,164,150,150,0
Boulder,102,165,150,150,0
Boulder,102,166,149,149,0
Boulder,102,167,148,148,0
Boulder,102,168,150,150,0
Boulder,102,169,150,150,0
Boulder,102,17,150,150,0
Boulder,102,170,143,143,0
Boulder,102,171,148,148,0
Boulder,102,172,150,150,0
Boulder,102,173,149,149,0
Boulder,102,174,149,149,0
Boulder,102,175,149,148,1
Boulder,102,176,150,150,0
Boulder,102,177,148,148,0
Boulder,102,178,145,145,0
Boulder,102,179,149,149,0
Boulder,102,18,148,148,0
Boulder,102,180,148,147,1
Boulder,102,181,147,147,0
Boulder,102,182,148,148,0
Boulder,102,183,150,150,0
Boulder,102,184,149,149,0
Boulder,102,185,149,149,0
Boulder,102,186,150,150,0
Boulder,102,187,149,149,0
Boulder,102,188,150,150,0
Boulder,102,189,148,148,0
Boulder,102,19,150,150,0
Boulder,102,190,145,145,0
Boulder,102,191,148,148,0
Boulder,102,192,146,146,0
Boulder,102,193,150,150,0
Boulder,102,194,147,147,0
Boulder,102,195,144,144,0
Boulder,102,196,149,149,0
Boulder,102,197,149,149,0
Boulder,102,198,148,148,0
Boulder,102,199,150,150,0
Boulder,102,2,150,150,0
Boulder,102,20,150,150,0
Boulder,102,200,146,146,0
Boulder,102,201,149,149,0
Boulder,102,202,149,149,0
Boulder,102,203,150,150,0
Boulder,102,204,150,150,0
Boulder,102,205,148,148,0
Boulder,102,206,150,150,0
Boulder,102,207,147,147,0
Boulder,102,208,148,148,0
Boulder,102,209,148,148,0
Boulder,102,21,149,149,0
Boulder,102,210,150,150,0
Boulder,102,211,146,146,0
Boulder,102,212,38,21,17
Boulder,102,213,147,147,0
Boulder,102,214,145,145,0
Boulder,102,215,149,149,0
Boulder,102,216,148,148,0
Boulder,102,217,34,21,13
Boulder,102,218,148,139,9
Boulder,102,219,147,147,0
Boulder,102,22,149,149,0
Boulder,102,220,150,150,0
Boulder,102,221,64,63,1
Boulder,102,23,149,149,0
Boulder,102,24,150,150,0
Boulder,102,25,150,150,0
Boulder,102,26,147,147,0
Boulder,102,27,148,148,0
Boulder,102,28,149,149,0
Boulder,102,29,150,141,9
Boulder,102,3,150,150,0
Boulder,102,30,149,149,0
Boulder,102,31,150,150,0
Boulder,102,32,149,149,0
Boulder,102,33,149,149,0
Boulder,102,34,147,147,0
Boulder,102,35,150,150,0
Boulder,102,36,149,149,0
Boulder,102,37,150,150,0
Boulder,102,38,148,148,0
Boulder,102,39,148,148,0
Boulder,102,4,149,149,0
Boulder,102,40,148,148,0
Boulder,102,41,149,149,0
Boulder,102,42,148,148,0
Boulder,102,43,149,149,0
Boulder,102,44,150,150,0
Boulder,102,45,147,147,0
Boulder,102,46,149,149,0
Boulder,102,47,149,149,0
Boulder,102,48,148,148,0
Boulder,102,49,150,150,0
Boulder,102,5,148,148,0
Boulder,102,50,150,150,0
Boulder,102,51,150,150,0
Boulder,102,52,149,149,0
Boulder,102,53,148,148,0
Boulder,102,54,150,150,0
Boulder,102,55,150,150,0
Boulder,102,56,150,150,0
Boulder,102,57,150,150,0
Boulder,102,58,149,149,0
Boulder,102,59,149,149,0
Boulder,102,6,148,148,0
Boulder,102,60,150,150,0
Boulder,102,61,149,149,0
Boulder,102,62,149,149,0
Boulder,102,63,148,148,0
Boulder,102,64,149,149,0
Boulder,102,65,147,147,0
Boulder,102,66,150,142,8
Boulder,102,67,150,150,0
Boulder,102,68,150,150,0
Boulder,102,69,149,149,0
Boulder,102,7,148,131,17
Boulder,102,70,150,150,0
Boulder,102,71,150,150,0
Boulder,102,72,147,145,2
Boulder,102,73,148,148,0
Boulder,102,74,149,149,0
Boulder,102,75,149,149,0
Boulder,102,76,150,150,0
Boulder,102,77,148,148,0
Boulder,102,78,150,150,0
Boulder,102,79,150,150,0
Boulder,102,8,146,146,0
Boulder,102,80,150,150,0
Boulder,102,81,150,150,0
Boulder,102,82,148,148,0
Boulder,102,83,148,148,0
Boulder,102,84,148,148,0
Boulder,102,85,149,149,0
Boulder,102,86,150,150,0
Boulder,102,87,150,150,0
Boulder,102,88,150,150,0
Boulder,102,89,150,150,0
Boulder,102,9,149,149,0
Boulder,102,90,150,150,0
Boulder,102,91,150,150,0
Boulder,102,92,148,148,0
Boulder,102,93,150,150,0
Boulder,102,94,149,149,0
Boulder,102,95,148,148,0
Boulder,102,96,148,148,0
Boulder,102,97,150,150,0
Boulder,102,98,150,150,0
Boulder,102,99,150,150,0
Boulder,103,1,149,149,0
Boulder,103,10,150,149,1
Boulder,103,11,149,149,0
Boulder,103,12,148,148,0
Boulder,103,13,148,148,0
Boulder,103,14,149,149,0
Boulder,103,15,149,149,0
Boulder,103,16,147,147,0
Boulder,103,17,150,150,0
Boulder,103,18,149,149,0
Boulder,103,19,149,149,0
Boulder,103,2,148,148,0
Boulder,103,20,149,149,0
Boulder,103,21,148,148,0
Boulder,103,22,147,147,0
Boulder,103,23,150,150,0
Boulder,103,24,147,147,0
Boulder,103,25,148,148,0
Boulder,103,26,149,149,0
Boulder,103,27,149,149,0
Boulder,103,28,148,148,0
Boulder,103,29,148,148,0
Boulder,103,3,149,149,0
Boulder,103,30,149,149,0
Boulder,103,31,149,149,0
Boulder,103,32,146,146,0
Boulder,103,33,149,149,0
Boulder,103,34,147,147,0
Boulder,103,35,149,149,0
Boulder,103,36,150,150,0
Boulder,103,37,148,148,0
Boulder,103,38,149,149,0
Boulder,103,39,149,145,4
Boulder,103,40,149,149,0
Boulder,103,41,148,138,10
Boulder,103,42,150,150,0
Boulder,103,43,148,148,0
Boulder,103,44,149,149,0
Boulder,103,46,150,150,0
Boulder,103,47,148,148,0
Boulder,103,48,149,149,0
Boulder,103,49,147,147,0
Boulder,103,5,149,149,0
Boulder,103,50,150,150,0
Boulder,103,51,149,149,0
Boulder,103,52,150,150,0
Boulder,103,53,148,148,0
Boulder,103,54,148,141,7
Boulder,103,55,149,149,0
Boulder,103,56,149,149,0
Boulder,103,57,150,150,0
Boulder,103,58,149,149,0
Boulder,103,59,149,149,0
Boulder,103,6,148,148,0
Boulder,103,60,150,150,0
Boulder,103,61,150,150,0
Boulder,103,62,148,148,0
Boulder,103,63,149,149,0
Boulder,103,64,150,150,0
Boulder,103,65,145,145,0
Boulder,103,66,148,148,0
Boulder,103,67,149,149,0
Boulder,103,68,149,149,0
Boulder,103,69,149,149,0
Boulder,103,7,149,149,0
Boulder,103,70,149,149,0
Boulder,103,71,148,148,0
Boulder,103,72,149,149,0
Boulder,103,73,36,11,25
Boulder,103,74,149,149,0
Boulder,103,75,149,149,0
Boulder,103,76,149,149,0
Boulder,103,77,148,148,0
Boulder,103,78,148,148,0
Boulder,103,79,149,149,0
Boulder,103,8,148,148,0
Boulder,103,9,148,148,0
Boulder,104,1,148,148,0
Boulder,104,10,144,144,0
Boulder,104,11,149,149,0
Boulder,104,12,149,149,0
Boulder,104,13,149,149,0
Boulder,104,14,150,150,0
Boulder,104,15,149,149,0
Boulder,104,16,150,150,0
Boulder,104,17,149,149,0
Boulder,104,18,149,149,0
Boulder,104,19,150,150,0
Boulder,104,2,147,139,8
Boulder,104,20,150,150,0
Boulder,104,21,150,150,0
Boulder,104,22,149,149,0
Boulder,104,23,149,149,0
Boulder,104,24,147,147,0
Boulder,104,25,149,149,0
Boulder,104,26,146,146,0
Boulder,104,27,146,146,0
Boulder,104,28,150,150,0
Boulder,104,29,150,150,0
Boulder,104,3,148,147,1
Boulder,104,30,148,148,0
Boulder,104,31,149,149,0
Boulder,104,32,148,148,0
Boulder,104,33,147,147,0
Boulder,104,34,148,148,0
Boulder,104,35,147,141,6
Boulder,104,36,149,149,0
Boulder,104,37,149,149,0
Boulder,104,38,148,148,0
Boulder,104,39,149,149,0
Boulder,104,40,150,150,0
Boulder,104,41,150,150,0
Boulder,104,42,149,149,0
Boulder,104,43,150,150,0
Boulder,104,44,149,149,0
Boulder,104,45,150,150,0
Boulder,104,46,150,150,0
Boulder,104,47,149,149,0
Boulder,104,48,147,147,0
Boulder,104,49,149,149,0
Boulder,104,5,150,150,0
Boulder,104,50,150,150,0
Boulder,104,51,149,149,0
Boulder,104,52,150,150,0
Boulder,104,53,144,144,0
Boulder,104,54,150,150,0
Boulder,104,55,147,147,0
Boulder,104,56,147,147,0
Boulder,104,57,148,148,0
Boulder,104,58,147,147,0
Boulder,104,7,149,149,0
Boulder,104,8,150,150,0
Boulder,104,9,148,148,0
Boulder,105,1,148,148,0
Boulder,105,10,147,147,0
Boulder,105,11,149,149,0
Boulder,105,12,150,150,0
Boulder,105,13,150,150,0
Boulder,105,14,148,148,0
Boulder,105,15,149,149,0
Boulder,105,16,150,150,0
Boulder,105,17,150,150,0
Boulder,105,18,150,150,0
Boulder,105,19,149,149,0
Boulder,105,2,150,150,0
Boulder,105,20,150,150,0
Boulder,105,21,147,147,0
Boulder,105,22,149,149,0
Boulder,105,23,145,145,0
Boulder,105,24,149,149,0
Boulder,105,25,150,150,0
Boulder,105,26,150,150,0
Boulder,105,27,150,150,0
Boulder,105,28,149,149,0
Boulder,105,29,149,149,0
Boulder,105,3,106,106,0
Boulder,105,30,148,148,0
Boulder,105,31,145,145,0
Boulder,105,32,150,150,0
Boulder,105,33,150,150,0
Boulder,105,34,149,149,0
Boulder,105,35,150,150,0
Boulder,105,36,149,149,0
Boulder,105,37,150,150,0
Boulder,105,38,146,128,18
Boulder,105,39,148,148,0
Boulder,105,4,148,148,0
Boulder,105,40,150,150,0
Boulder,105,41,150,150,0
Boulder,105,42,148,148,0
Boulder,105,43,149,149,0
Boulder,105,44,149,149,0
Boulder,105,45,149,149,0
Boulder,105,46,146,146,0
Boulder,105,47,149,149,0
Boulder,105,48,149,149,0
Boulder,105,49,150,150,0
Boulder,105,5,147,147,0
Boulder,105,50,149,149,0
Boulder,105,51,150,150,0
Boulder,105,6,149,149,0
Boulder,105,7,148,148,0
Boulder,105,8,150,150,0
Boulder,105,9,150,150,0
Boulder,106,1,146,146,0
Boulder,106,10,150,150,0
Boulder,106,11,149,144,5
Boulder,106,12,149,149,0
Boulder,106,13,150,150,0
Boulder,106,14,149,149,0
Boulder,106,15,150,150,0
Boulder,106,16,150,150,0
Boulder,106,17,150,150,0
Boulder,106,18,150,150,0
Boulder,106,19,148,148,0
Boulder,106,2,149,149,0
Boulder,106,20,150,150,0
Boulder,106,21,149,149,0
Boulder,106,22,149,149,0
Boulder,106,23,150,150,0
Boulder,106,24,150,150,0
Boulder,106,25,150,150,0
Boulder,106,26,150,150,0
Boulder,106,27,150,150,0
Boulder,106,28,148,148,0
Boulder,106,29,150,150,0
Boulder,106,3,147,147,0
Boulder,106,30,149,149,0
Boulder,106,31,147,147,0
Boulder,106,32,148,148,0
Boulder,106,33,150,150,0
Boulder,106,34,149,149,0
Boulder,106,35,148,148,0
Boulder,106,36,150,150,0
Boulder,106,37,149,149,0
Boulder,106,38,149,149,0
Boulder,106,39,147,147,0
Boulder,106,4,148,148,0
Boulder,106,40,150,150,0
Boulder,106,41,148,148,0
Boulder,106,42,148,148,0
Boulder,106,43,150,150,0
Boulder,106,44,150,150,0
Boulder,106,45,150,150,0
Boulder,106,46,144,144,0
Boulder,106,47,149,149,0
Boulder,106,48,149,149,0
Boulder,106,49,147,147,0
Boulder,106,5,147,147,0
Boulder,106,50,150,150,0
Boulder,106,51,150,150,0
Boulder,106,52,149,149,0
Boulder,106,53,149,149,0
Boulder,106,54,150,150,0
Boulder,106,55,149,149,0
Boulder,106,56,150,150,0
Boulder,106,57,150,150,0
Boulder,106,58,150,150,0
Boulder,106,59,148,148,0
Boulder,106,6,150,150,0
Boulder,106,60,149,149,0
Boulder,106,61,149,149,0
Boulder,106,62,147,147,0
Boulder,106,63,149,148,1
Boulder,106,64,149,149,0
Boulder,106,65,150,150,0
Boulder,106,66,150,150,0
Boulder,106,67,146,146,0
Boulder,106,68,150,150,0
Boulder,106,69,146,146,0
Boulder,106,7,148,148,0
Boulder,106,70,149,149,0
Boulder,106,71,149,149,0
Boulder,106,72,149,149,0
Boulder,106,73,150,150,0
Boulder,106,74,147,147,0
Boulder,106,75,147,147,0
Boulder,106,76,150,150,0
Boulder,106,77,150,150,0
Boulder,106,78,150,150,0
Boulder,106,79,150,144,6
Boulder,106,8,150,150,0
Boulder,106,80,149,149,0
Boulder,106,81,148,148,0
Boulder,106,82,147,147,0
Boulder,106,83,150,150,0
Boulder,106,84,146,146,0
Boulder,106,85,85,49,36
Boulder,106,87,147,107,40
Boulder,106,9,150,150,0
Boulder,106,90,44,23,21
Boulder,106,91,148,148,0
Boulder,106,92,147,147,0
Boulder,106,93,146,146,0
Boulder,107,1,146,146,0
Boulder,107,2,149,149,0
Boulder,107,3,148,148,0
Boulder,108,1,145,145,0
Boulder,108,10,149,149,0
Boulder,108,100,164,140,24
Boulder,108,101,150,143,7
Boulder,108,102,131,118,13
Boulder,108,103,149,130,19
Boulder,108,104,149,149,0
Boulder,108,106,148,104,44
Boulder,108,107,101,95,6
Boulder,108,108,150,149,1
Boulder,108,109,150,142,8
Boulder,108,11,150,150,0
Boulder,108,110,108,92,16
Boulder,108,111,148,130,18
Boulder,108,112,178,161,17
Boulder,108,113,129,120,9
Boulder,108,114,117,76,41
Boulder,108,115,105,63,42
Boulder,108,116,203,179,24
Boulder,108,12,149,149,0
Boulder,108,13,149,149,0
Boulder,108,14,150,150,0
Boulder,108,15,150,150,0
Boulder,108,16,149,149,0
Boulder,108,17,17,17,0
Boulder,108,18,14,10,4
Boulder,108,2,147,147,0
Boulder,108,20,150,150,0
Boulder,108,21,150,150,0
Boulder,108,22,149,149,0
Boulder,108,23,150,150,0
Boulder,108,24,150,150,0
Boulder,108,25,149,149,0
Boulder,108,26,102,87,15
Boulder,108,27,108,79,29
Boulder,108,28,79,79,0
Boulder,108,3,150,150,0
Boulder,108,31,148,148,0
Boulder,108,32,113,112,1
Boulder,108,33,150,150,0
Boulder,108,34,149,149,0
Boulder,108,35,149,141,8
Boulder,108,36,149,149,0
Boulder,108,37,149,149,0
Boulder,108,38,143,143,0
Boulder,108,39,137,126,11
Boulder,108,4,149,149,0
Boulder,108,40,135,135,0
Boulder,108,41,147,147,0
Boulder,108,42,150,150,0
Boulder,108,43,199,170,29
Boulder,108,44,150,109,41
Boulder,108,45,149,149,0
Boulder,108,46,150,150,0
Boulder,108,47,149,149,0
Boulder,108,48,150,149,1
Boulder,108,49,150,150,0
Boulder,108,5,150,150,0
Boulder,108,50,150,150,0
Boulder,108,51,149,149,0
Boulder,108,52,149,149,0
Boulder,108,53,149,149,0
Boulder,108,54,148,148,0
Boulder,108,55,149,149,0
Boulder,108,56,145,131,14
Boulder,108,57,149,144,5
Boulder,108,58,89,89,0
Boulder,108,59,116,105,11
Boulder,108,6,70,70,0
Boulder,108,60,80,64,16
Boulder,108,61,149,149,0
Boulder,108,62,148,148,0
Boulder,108,63,149,149,0
Boulder,108,64,150,150,0
Boulder,108,65,150,150,0
Boulder,108,66,150,150,0
Boulder,108,67,149,149,0
Boulder,108,68,150,150,0
Boulder,108,69,150,150,0
Boulder,108,7,150,150,0
Boulder,108,70,138,124,14
Boulder,108,71,150,150,0
Boulder,108,72,150,150,0
Boulder,108,73,147,147,0
Boulder,108,74,148,148,0
Boulder,108,75,144,144,0
Boulder,108,76,147,147,0
Boulder,108,77,150,150,0
Boulder,108,78,149,149,0
Boulder,108,79,150,150,0
Boulder,108,8,150,150,0
Boulder,108,80,149,149,0
Boulder,108,81,150,150,0
Boulder,108,82,125,123,2
Boulder,108,83,226,181,45
Boulder,108,84,148,148,0
Boulder,108,85,146,146,0
Boulder,108,86,150,150,0
Boulder,108,87,148,148,0
Boulder,108,88,149,149,0
Boulder,108,89,147,147,0
Boulder,108,9,147,147,0
Boulder,108,90,147,135,12
Boulder,108,91,118,117,1
Boulder,108,92,150,150,0
Boulder,108,93,150,150,0
Boulder,108,94,149,149,0
Boulder,108,95,149,149,0
Boulder,108,96,149,149,0
Boulder,108,97,147,147,0
Boulder,108,98,150,150,0
Boulder,108,99,165,165,0
Boulder,110,1,148,148,0
Boulder,110,2,150,149,1
Boulder,110,3,144,144,0
Boulder,110,4,149,149,0
Boulder,110,5,148,148,0
Boulder,110,6,145,145,0
Boulder,110,7,150,150,0
Broomfield,1,1,78,78,0
Broomfield,1,2,78,78,0
Broomfield,1,3,78,78,0
Broomfield,1,4,49,49,0
Chaffee,1,1,78,78,0
Chaffee,1,2,78,78,0
Chaffee,1,3,78,78,0
Chaffee,1,4,50,50,0
Cheyenne,1,1,78,78,0
Cheyenne,1,2,78,78,0
Cheyenne,1,3,78,78,0
Cheyenne,1,4,50,50,0
Clear Creek,1,1,78,78,0
Clear Creek,1,2,78,78,0
Clear Creek,1,3,78,78,0
Clear Creek,1,4,50,50,0
Conejos,1,1,78,78,0
Conejos,1,2,78,78,0
Conejos,1,3,78,78,0
Conejos,1,4,50,50,0
Costilla,1,1,78,78,0
Costilla,1,2,78,78,0
Costilla,1,3,78,78,0
Costilla,1,4,50,50,0
Crowley,1,1,78,78,0
Crowley,1,2,78,78,0
Crowley,1,3,78,78,0
Crowley,1,4,50,50,0
Custer,1,1,78,78,0
Custer,1,2,78,78,0
Custer,1,3,78,78,0
Custer,1,4,50,50,0
Delta,1,1,78,78,0
Delta,1,2,78,78,0
Delta,1,3,78,78,0
Delta,1,4,50,50,0
Denver,1,1,78,78,0
Denver,1,2,78,78,0
Denver,1,3,78,78,0
Denver,1,4,50,50,0
Dolores,1,1,78,78,0
Dolores,1,2,78,78,0
Dolores,1,3,78,78,0
Dolores,1,4,50,50,0
Douglas,1,1,78,78,0
Douglas,1,2,78,78,0
Douglas,1,3,78,78,0
Douglas,1,4,50,50,0
Eagle,1,1,78,78,0
Eagle,1,2,78,78,0
Eagle,1,3,78,78,0
Eagle,1,4,50,50,0
Elbert,1,1,78,78,0
Elbert,1,2,78,78,0
Elbert,1,3,78,78,0
Elbert,1,4,50,50,0
El Paso,1,1,78,78,0
El Paso,1,2,78,78,0
El Paso,1,3,78,78,0
El Paso,1,4,50,50,0
Fremont,1,1,78,78,0
Fremont,1,2,78,78,0
Fremont,1,3,78,78,0
Fremont,1,4,50,50,0
Garfield,1,1,78,78,0
Garfield,1,2,78,78,0
Garfield,1,3,78,78,0
Garfield,1,4,50,50,0
Gilpin,1,1,78,78,0
Gilpin,1,2,78,78,0
Gilpin,1,3,78,78,0
Gilpin,1,4,50,50,0
Grand,1,1,78,78,0
Grand,1,2,78,78,0
Grand,1,3,78,78,0
Grand,1,4,50,50,0
Gunnison,1,1,78,78,0
Gunnison,1,2,78,78,0
Gunnison,1,3,78,78,0
Gunnison,1,4,50,50,0
Hinsdale,1,1,78,78,0
Hinsdale,1,2,78,78,0
Hinsdale,1,3,78,78,0
Hinsdale,1,4,50,50,0
Huerfano,1,1,78,78,0
Huerfano,1,2,78,78,0
Huerfano,1,3,78,78,0
Huerfano,1,4,50,50,0
Jackson,1,1,78,78,0
Jackson,1,2,78,78,0
Jackson,1,3,78,78,0
Jackson,1,4,50,50,0
Jefferson,1,1,78,78,0
Jefferson,1,2,78,78,0
Jefferson,1,3,78,78,0
Jefferson,1,4,50,50,0
Kiowa,1,1,78,78,0
Kiowa,1,2,78,78,0
Kiowa,1,3,78,78,0
Kiowa,1,4,50,50,0
Kit Carson,1,1,78,78,0
Kit Carson,1,2,78,78,0
Kit Carson,1,3,78,78,0
Kit Carson,1,4,50,50,0
Lake,1,1,78,78,0
Lake,1,2,78,78,0
Lake,1,3,78,78,0
Lake,1,4,50,50,0
La Plata,1,1,78,78,0
La Plata,1,2,78,78,0
La Plata,1,3,78,78,0
La Plata,1,4,50,50,0
Larimer,1,1,78,78,0
Larimer,1,2,78,78,0
Larimer,1,3,78,78,0
Larimer,1,4,50,50,0
Las Animas,1,1,78,78,0
Las Animas,1,2,78,78,0
Las Animas,1,3,78,78,0
Las Animas,1,4,50,50,0
Lincoln,1,1,78,78,0
Lincoln,1,2,78,78,0
Lincoln,1,3,78,78,0
Lincoln,1,4,50,50,0
Logan,1,1,78,78,0
Logan,1,2,78,78,0
Logan,1,3,78,78,0
Logan,1,4,50,50,0
Mesa,1,1,78,78,0
Mesa,1,2,78,78,0
Mesa,1,3,78,78,0
Mesa,1,4,50,50,0
Mineral,1,1,78,78,0
Mineral,1,2,78,78,0
Mineral,1,3,78,78,0
Mineral,1,4,50,50,0
Moffat,1,1,78,78,0
Moffat,1,2,78,78,0
Moffat,1,3,78,78,0
Moffat,1,4,50,50,0
Montezuma,1,1,78,78,0
Montezuma,1,2,78,78,0
Montezuma,1,3,78,78,0
Montezuma,1,4,50,50,0
Montrose,1,1,78,78,0
Montrose,1,2,78,78,0
Montrose,1,3,78,78,0
Montrose,1,4,50,50,0
Morgan,1,1,78,78,0
Morgan,1,2,78,78,0
Morgan,1,3,78,78,0
Morgan,1,4,50,50,0
Otero,1,1,78,78,0
Otero,1,2,78,78,0
Otero,1,3,78,78,0
Otero,1,4,50,50,0
Ouray,1,1,78,78,0
Ouray,1,2,78,78,0
Ouray,1,3,78,78,0
Ouray,1,4,50,50,0
Park,1,1,78,78,0
Park,1,2,78,78,0
Park,1,3,78,78,0
Park,1,4,50,50,0
Phillips,1,1,78,78,0
Phillips,1,2,78,78,0
Phillips,1,3,78,78,0
Phillips,1,4,50,50,0
Pitkin,1,1,78,78,0
Pitkin,1,2,78,78,0
Pitkin,1,3,78,78,0
Pitkin,1,4,50,50,0
Prowers,1,1,78,78,0
Prowers,1,2,78,78,0
Prowers,1,3,78,78,0
Prowers,1,4,50,50,0
Pueblo,1,1,78,78,0
Pueblo,1,2,78,78,0
Pueblo,1,3,78,78,0
Pueblo,1,4,50,50,0
Rio Blanco,1,1,78,78,0
Rio Blanco,1,2,78,78,0
Rio Blanco,1,3,78,78,0
Rio Blanco,1,4,50,50,0
Rio Grande,1,1,78,78,0
Rio Grande,1,2,78,78,0
Rio Grande,1,3,78,78,0
Rio Grande,1,4,50,50,0
Routt,1,1,78,78,0
Routt,1,2,78,78,0
Routt,1,3,78,78,0
Routt,1,4,49,49,0
Saguache,1,1,78,78,0
Saguache,1,2,78,78,0
Saguache,1,3,78,78,0
Saguache,1,4,49,49,0
San Juan,1,1,78,78,0
San Juan,1,2,78,78,0
San Juan,1,3,78,78,0
San Juan,1,4,49,49,0
San Miguel,1,1,78,78,0
San Miguel,1,2,78,78,0
San Miguel,1,3,78,78,0
San Miguel,1,4,49,49,0
Sedgwick,1,1,78,78,0
Sedgwick,1,2,78,78,0
Sedgwick,1,3,78,78,0
Sedgwick,1,4,49,49,0
Summit,1,1,78,78,0
Summit,1,2,78,78,0
Summit,1,3,78,78,0
Summit,1,4,49,49,0
Teller,1,1,78,78,0
Teller,1,2,78,78,0
Teller,1,3,78,78,0
Teller,1,4,49,49,0
Washington,1,1,78,78,0
Washington,1,2,78,78,0
Washington,1,3,78,78,0
Washington,1,4,49,49,0
Weld,1,1,78,78,0
Weld,1,2,78,78,0
Weld,1,3,78,78,0
Weld,1,4,49,49,0
Yuma,1,1,78,78,0
Yuma,1,2,78,78,0
Yuma,1,3,78,78,0
Yuma,1,4,49,49,0
