[{"min_margin":0,"contest_name":"City of Louisville City Council Ward 3","contest_cvr_ids":"[]"},
{"min_margin":0,"contest_name":"City of Louisville City Council Ward 1 (4-year term)","contest_cvr_ids":"[]"},
{"min_margin":0,"contest_name":"Tied_IRV","contest_cvr_ids":"[]"},
{"min_margin":37,"contest_name":"Alamosa COUNTY COMMISSIONER DISTRICT 3","contest_cvr_ids":"[]"},
{"min_margin":216,"contest_name":"Regent of the University of Colorado","contest_cvr_ids":"[]"},
{"min_margin":42,"contest_name":"Adams COUNTY COMMISSIONER DISTRICT 3","contest_cvr_ids":"[]"},
{"min_margin":16288,"contest_name":"City of Boulder Ballot Issue 2A","contest_cvr_ids":"[]"},
{"min_margin":4,"contest_name":"Thompson R2-J School District Board of Education Director District G (4 Year Term)","contest_cvr_ids":"[]"},
{"min_margin":21934,"contest_name":"City of Boulder Ballot Question 2B","contest_cvr_ids":"[]"},
{"min_margin":20364,"contest_name":"Boulder Valley School District RE-2 Director District G (4 Years)","contest_cvr_ids":"[]"},
{"min_margin":7,"contest_name":"Thompson R2-J School District Board of Education Director District C (4 Year Term)","contest_cvr_ids":"[]"},
{"min_margin":3280,"contest_name":"City of Louisville Ballot Issue 2C","contest_cvr_ids":"[]"},
{"min_margin":20599,"contest_name":"Boulder Valley School District RE-2 Director District C (4 Years)","contest_cvr_ids":"[]"},
{"min_margin":2602,"contest_name":"City of Louisville Mayor At-Large (4 Year Term)","contest_cvr_ids":"[]"},
{"min_margin":7252,"contest_name":"City of Boulder Ballot Question 302","contest_cvr_ids":"[]"},
{"min_margin":5,"contest_name":"Thompson R2-J School District Board of Education Director District A (4 Year Term)","contest_cvr_ids":"[]"},
{"min_margin":9767,"contest_name":"Boulder Valley School District RE-2 Director District A (4 Years)","contest_cvr_ids":"[]"},
{"min_margin":111,"contest_name":"City of Lafayette City Council","contest_cvr_ids":"[]"},
{"min_margin":1162,"contest_name":"Town of Erie Ballot Question 3A","contest_cvr_ids":"[]"},
{"min_margin":846,"contest_name":"Town of Erie Ballot Question 3B","contest_cvr_ids":"[]"},
{"min_margin":8,"contest_name":"North Metro Fire Rescue District Ballot Issue 7A","contest_cvr_ids":"[]"},
{"min_margin":46,"contest_name":"Town of Superior - Home Rule Charter Commission","contest_cvr_ids":"[]"},
{"min_margin":50,"contest_name":"Estes Park School District R-3 School Board Director At Large (4 Year)","contest_cvr_ids":"[]"},
{"min_margin":904,"contest_name":"Nederland Eco Pass Public Improvement District Ballot Issue 6A","contest_cvr_ids":"[]"},
{"min_margin":10259,"contest_name":"City of Longmont Ballot Issue 3C","contest_cvr_ids":"[]"},
{"min_margin":5,"contest_name":"Thompson R2-J School District Board of Education Director District D (4 Year Term)","contest_cvr_ids":"[]"},
{"min_margin":76013,"contest_name":"Proposition II (Statutory)","contest_cvr_ids":"[]"},
{"min_margin":20532,"contest_name":"Proposition HH (Statutory)","contest_cvr_ids":"[]"},
{"min_margin":12231,"contest_name":"City of Longmont Ballot Issue 3E","contest_cvr_ids":"[]"},
{"min_margin":11249,"contest_name":"City of Longmont Ballot Issue 3D","contest_cvr_ids":"[]"},
{"min_margin":874,"contest_name":"City of Longmont - Council Member Ward 1","contest_cvr_ids":"[]"},
{"min_margin":5600,"contest_name":"City of Longmont - City Council Member At-Large","contest_cvr_ids":"[]"},
{"min_margin":49723,"contest_name":"Boulder County Ballot Issue 1B","contest_cvr_ids":"[]"},
{"min_margin":71567,"contest_name":"Boulder County Ballot Issue 1A","contest_cvr_ids":"[]"},
{"min_margin":495,"contest_name":"City of Longmont - Council Member Ward 3","contest_cvr_ids":"[]"},
{"min_margin":7836,"contest_name":"Boulder Valley School District RE-2 Director District D (4 Years)","contest_cvr_ids":"[]"},
{"min_margin":46,"contest_name":"City of Boulder Council","contest_cvr_ids":"[]"},
{"min_margin":10205,"contest_name":"City of Longmont Municipal Court Judge - Frick","contest_cvr_ids":"[]"},
{"min_margin":204,"contest_name":"City of Louisville City Council Ward 2 (4-year term)","contest_cvr_ids":"[]"},
{"min_margin":942,"contest_name":"Town of Superior Ballot Question 301","contest_cvr_ids":"[]"},
{"min_margin":10773,"contest_name":"City of Longmont - Mayor","contest_cvr_ids":"[]"},
{"min_margin":1060,"contest_name":"Byron Mayoral","contest_cvr_ids":"[1590590,1590457,1590697,1590515,1590828,1627680,1591360,1591270,1595081,1599196,1592179,1601880,1602404,1608394,1599352,1598304,1602039,1609605,1593275,1601704,1598312,1609559,1600881,1598950,1604875,1593813,1591777,1598452,1597706,1611068,1603150,1600216,1600792,1598172,1592218,1601229,1607756,1597583,1597123,1598828,1609204,1610569,1607472,1600872,1593935,1598904,1597593,1609465,1602226,1609813,1599316,1591983,1609521,1596653,1592195,1610927,1593447,1604044,1595561,1592344,1599074,1610169,1594250,1608004,1604897,1600273,1600160,1592211,1603762,1610107,1593892,1597483,1594357,1593057,1594336,1607935,1609957,1598809,1611093,1607223,1601228,1599773,1607939,1611481,1607190,1592055,1594525,1595559,1595192,1596647,1610420,1597200,1609814,1596066,1594211,1605704,1608882,1595323,1605393,1604597,1594753,1594853,1603130,1592585,1611314,1595057,1594654,1605565,1607467,1606579,1610628,1610464,1604282,1610429,1592794,1604637,1604414,1592808,1601410,1602721,1601582,1603342,1604762,1606537,1600822,1606907,1604076,1604958,1604088,1601427,1603305,1601312,1593778,1593728,1593506,1593577,1593539,1596133,1596034,1595842,1535194,1569439,1549620,1501011,1570249,1628636,1540960,1532270,1498002,1552493,1577813,1583743,1562647,1525882,1576667,1568767,1577188,1477291,1628637,1486330,1502053,1581020,1515898,1553964,1521243,1512710,1533773,1521980,1576346,1478513,1586923,1528419,1555149,1559382,1564640,1480426,1575077,1568405,1507044,1569827,1543595,1583113,1509391,1571337,1512127,1564085,1564954,1564575,1586462,1484351,1495305,1524932,1474455,1584610,1583029,1523428,1497144,1582240,1494323,1529451,1544871,1540998,1514530,1578349,1589141,1483849,1570309,1520253,1578003,1588260,1472194,1516552,1582361,1525379,1565746,1587129,1557695,1516173,1484959,1482031,1522044,1585986,1537965,1551079,1519945,1511948,1565136,1566883,1572838,1585511,1502220,1564630,1578636,1549596,1531539,1571407,1520282,1560104,1574843,1504946,1568266,1480214,1563334,1509246,1485695,1587345,1528551,1519358,1561872,1541645,1489832,1504383,1541309,1481434,1589228,1586264,1471412,1479424,1557159,1544691,1504143,1538684,1515477,1512309,1541900,1573708,1501290,1522231,1484651,1569069,1531333,1554376,1588972,1572836,1549074,1476982,1569274,1589145,1491884,1572778,1587708,1508282,1536111,1500200,1538897,1570508,1523909,1541159,1557561,1557721,1554326,1575900,1576354,1587337,1529509,1482940,1577454,1628638,1502015,1562793,1563533,1544000,1579650,1500728,1542925,1549098,1571169,1574985,1582271,1525962,1542259,1475239,1562352,1540624,1513782,1531330,1554608,1568407,1544984,1513839,1562973,1500673,1502907,1504299,1586437,1586538,1536748,1517320,1527771,1555875,1515601,1541916,1481993,1545443,1540205,1527655,1577356,1559763,1554318,1579043,1569098,1482819,1567053,1479740,1496248,1486808,1536271,1569409,1572138,1577533,1517603,1490952,1559451,1563823,1546052,1555408,1565975,1556373,1506814,1530524,1495025,1501571,1574897,1497925,1521409,1583334,1547304,1565428,1533061,1539170,1518381,1473767,1482153,1521540,1494792,1545995,1482542,1546976,1540860,1569519,1584819,1531609,1492112,1580443,1520651,1558453,1587196,1579467,1530708,1530854,1567506,1501698,1503022,1512415,1559674,1578468,1550731,1559122,1481063,1528541,1562616,1564434,1581654,1581373,1558454,1537507,1476087,1508911,1569504,1515910,1574936,1575096,1588746,1522980,1628639,1587892,1566691,1497298,1543186,1539639,1578277,1522227,1539985,1527420,1545883,1486476,1483147,1577024,1538330,1552479,1562631,1548658,1588386,1569220,1565266,1509193,1586091,1524002,1487668,1579484,1586288,1482642,1472513,1587922,1582493,1536585,1519646,1549284,1564816,1506486,1511262,1527756,1573586,1529379,1586498,1590259,1555035,1577953,1490102,1514168,1586973,1585093,1546110,1533489,1559677,1565963,1502695,1584221,1524422,1546035,1581847,1572256,1506917,1489446,1524883,1577911,1563562,1544846,1546757,1533594,1543849,1558573,1522843,1502133,1555053,1555930,1540032,1505922,1510598,1572828,1512221,1540917,1544076,1590039,1628640,1585019,1568965,1528205,1552213,1587456,1564811,1545249,1571866,1553555,1584940,1502819,1529403,1557712,1539587,1585942,1573162,1548720,1566071,1589394,1557461,1522766,1578488,1527785,1542268,1499503,1487297,1486788,1502332,1520152,1506290,1471461,1561023,1494175,1477017,1577181,1582707,1538991,1546040,1505761,1551475,1583870,1519685,1566265,1557818,1558494,1576764,1509307,1486705,1566164,1509996,1567767,1576624,1473860,1501237,1476329,1515438,1579371,1580903,1587968,1589354,1573404,1506291,1545978,1472833,1516141,1565697,1493662,1478267,1578396,1557885,1520885,1534320,1508902,1505930,1481418,1507352,1524081,1557826,1566913,1568982,1577584,1512297,1552483,1561817,1549142,1569672,1489544,1519689,1574664,1584843,1510163,1543775,1545894,1577835,1490798,1551375,1511211,1502914,1580002,1581572,1574869,1543410,1579509,1529312,1501530,1539799,1527299,1628641,1545084,1498000,1571007,1500520,1566887,1486762,1568095,1539787,1575463,1549537,1567983,1540222,1480063,1520781,1519620,1564352,1520316,1570405,1523115,1581847,1512356,1484634,1579596,1490624,1541026,1584391,1515263,1574906,1524739,1581331,1559767,1549070,1529773,1574209,1522431,1586748,1554237,1580798,1541880,1576512,1489607,1471431,1508306,1523829,1493977,1585443,1555876,1580006,1540314,1486863,1531267,1576489,1538948,1571979,1628642,1577687,1475974,1569028,1506229,1539293,1587199,1485572,1540934,1560459,1491553,1532936,1475888,1558301,1500754,1497110,1563594,1567309,1579706,1477653,1519059,1570066,1529099,1507263,1573090,1559038,1572627,1577171,1530046,1564191,1553894,1490417,1477834,1564050,1495778,1564432,1578401,1577717,1576835,1477032,1547195,1569810,1519123,1575286,1511487,1530387,1522221,1572810,1553496,1511449,1514478,1544159,1520067,1545435,1525696,1540070,1494555,1504567,1484782,1504318,1572467,1566838,1559879,1551127,1550496,1524657,1573978,1545037,1533917,1539644,1530719,1558038,1475410,1573070,1569106,1553260,1494613,1552167,1480279,1490401,1475055,1559700,1559083,1527347,1552790,1542835,1550519,1540003,1568660,1491909,1479762,1491370,1535387,1474640,1497818,1488821,1519551,1519773,1489719,1497621,1543142,1562809,1510943,1548001,1558568,1560084,1493660,1476366,1516836,1512369,1487614,1565777,1529115,1559112,1489818,1560527,1481881,1544786,1478178,1548314,1532850,1517082,1555905,1550374,1492209,1513721,1476654,1511041,1538452,1494680,1499159,1544230,1536083,1544742,1499610,1552806,1546621,1551193,1553154,1537906,1479885,1540158,1551764,1528365,1542552,1528598,1502386,1486923,1512465,1473993,1528231,1518444,1514535,1535593,1510868,1527549,1506682,1535424,1529898,1475670,1509316,1510893,1502502,1548147,1516973,1535386,1515030,1511563,1476316,1510610,1493665,1536601,1506031,1537254,1507739,1471742,1543995,1485125,1528221,1478265,1532379,1514029,1514277,1526148,1526727,1489723,1508961,1488569,1483292,1495848,1492427,1484126,1491738,1478497,1479426,1501631,1530152,1533361,1492683,1504392,1488832,1531830,1529590,1529223,1481573,1490981,1525550,1492216,1518257,1508380,1475163,1532307,1522686,1511378,1531138,1503594,1489287,1482239,1476935,1508751,1502480,1493345,1492562,1501817,1495735,1517955,1471577,1501716,1474199,1484957,1522433,1490322,1528314,1491658,1500661,1500918,1474877,1496514,1503755,1506104,1509065,1471785,1501375,1489617,1502981,1510015,1473383,1492386,1483019,1480953,1510819,1514548,1487354,1493044,1506892,1472538,1488560,1494212,1480813,1499701,1502544,1478747,1495980,1507558,1479115,1498461,1471623,1499246,1474588,1497618,1479920,1480169,1484334,1500639,1494696,1500451,1490434,1492457,1489710,1489415,1497105,1479308,1474818,1493663,1481131,1487451,1473564,1471373,1476873,1489647,1483286,1474422,1473398,1480003,1485977,1477818,1475830,1473087,1480718,1477368,1474049,1478304,1477295,1473292,1598403,1598376,1601098,1600975,1600858,1600991,1600726,1603536,1603842,1606116,1606390,1606330,1608642,1611134,1611808,1611693,1611781,1612210,1612537,1612541,1612741,1612951,1613393,1613497,1613618,1613413,1613890,1614171,1614100,1614220,1614149,1614711,1614718,1614622,1614640,1614869,1615133,1614916,1615424,1615250,1615172,1615605,1615809,1616290,1616237,1616117,1616484,1616586,1617048,1617037,1618062,1617930,1618278,1618623,1618791,1619272,1619326,1619335,1619404,1619617,1619481,1619604,1619891,1619944,1619667,1620109,1620243,1620180,1620184,1620811,1620609,1621116,1621173,1621307,1621726,1621869,1622043,1621963,1622033,1622869,1623107,1623227,1623145,1623312,1623441,1624185,1624328,1624563,1624789,1625340,1625709,1625891,1625748,1626151,1626204,1626110,1626518,1626315,1626365,1626425,1626283,1626704,1626764,1626719,1626604]"},
{"min_margin":1228,"contest_name":"City of Boulder Mayoral","contest_cvr_ids":"[1549106,1573750,1521355,1497934,1567702,1502462,1548708,1548412,1495877,1558319,1554181,1567245,1515604,1553062,1518139,1493124,1567532,1570113,1486894,1513124,1521060,1569410,1555932,1514526,1506704,1568016,1572944,1586888,1511034,1514202,1577391,1559279,1549011,1516146,1560825,1497405,1481319,1533983,1519929,1573817,1504504,1577500,1550671,1563760,1548874,1549737,1558367,1517252,1570380,1527696,1478146,1564880,1570255,1483249,1485686,1577813,1531175,1479936,1564405,1589601,1515483,1521532,1510389,1581883,1539233,1584220,1552960,1536145,1548697,1536365,1562408,1577207,1522006,1541069,1515747,1564251,1542039,1495052,1572511,1585184,1477478,1571170,1568339,1538970,1505932,1475000,1525083,1547565,1561614,1568778,1486247,1496626,1471634,1528204,1575637,1581120,1560996,1587999,1562748,1512311,1540652,1545232,1503404,1471960,1560141,1533080,1572396,1490582,1529742,1560243,1513942,1477289,1526359,1566358,1508458,1514686,1578013,1557615,1527794,1498081,1534317,1572800,1538928,1532826,1506815,1511581,1479050,1537180,1543438,1556645,1580987,1586173,1521783,1497940,1559572,1523899,1486954,1527352,1475607,1547789,1552632,1481685,1559949,1528362,1559916,1568741,1549189,1582082,1580383,1547550,1540930,1570087,1583707,1573789,1583951,1517795,1497719,1540819,1554256,1548264,1523202,1503211,1554086,1522475,1550414,1550932,1580875,1560671,1546005,1557339,1487881,1550201,1480185,1589361,1544954,1572712,1549458,1542120,1531602,1561485,1482291,1492010,1563027,1554257,1627667,1564435,1530541,1529938,1514794,1515484,1553458,1572218,1567202,1561128,1501192,1574308,1507390,1506329,1548662,1544622,1492178,1528267,1579563,1580991,1570036,1557260,1558166,1510309,1474306,1573976,1497142,1586682,1588468,1531065,1529332,1554982,1481531,1586528,1534856,1556404,1515073,1558093,1551888,1501797,1561460,1568334,1554883,1546537,1506989,1627668,1563151,1537025,1549493,1528154,1495410,1550192,1565488,1479511,1536118,1577062,1494414,1526725,1513966,1571574,1483948,1489723,1627669,1541367,1575867,1581719,1590122,1553799,1523352,1551795,1574264,1529504,1500036,1518056,1562049,1549629,1523619,1558412,1570297,1584848,1559199,1561458,1493489,1479009,1532761,1558843,1579599,1576677,1555812,1502396,1496834,1555719,1531423,1502090,1494232,1569486,1557746,1564712,1565839,1569176,1535982,1580716,1473458,1581160,1579668,1546746,1538666,1526550,1512099,1532934,1496941,1627670,1580455,1581509,1516608,1575904,1510543,1491612,1509694,1566191,1502460,1587790,1576722,1534402,1512022,1482638,1560910,1524230,1474643,1588742,1525357,1528000,1580879,1514583,1523152,1588041,1496735,1493683,1526768,1584577,1575902,1543308,1552818,1531951,1563483,1515700,1575602,1527814,1556784,1524620,1586279,1505133,1538380,1585380,1549653,1535396,1556435,1531112,1579983,1574368,1535598,1526456,1480403,1575475,1535206,1575598,1578759,1483564,1562270,1553938,1627671,1528074,1546172,1557654,1559539,1535272,1575219,1520814,1586794,1542205,1537615,1509104,1522179,1580464,1522236,1577867,1572645,1554563,1568172,1587765,1627672,1514275,1587032,1539177,1471849,1521194,1487775,1545568,1627673,1547021,1532967,1562012,1577293,1547344,1583941,1528064,1548293,1536322,1578138,1533868,1573999,1578039,1488475,1570735,1585240,1568246,1555471,1579249,1574678,1472436,1562748,1588991,1526658,1572889,1554408,1481761,1573092,1523887,1581406,1477462,1529981,1520486,1485727,1583649,1534723,1525800,1553022,1548937,1579433,1481925,1487998,1555351,1561241,1565560,1556193,1585595,1580515,1507413,1499749,1543814,1568028,1562830,1539671,1542844,1501516,1501559,1580103,1559453,1483278,1563847,1531320,1511515,1568018,1550653,1477314,1584214,1547087,1497325,1573023,1558706,1505406,1565542,1521218,1541819,1510225,1575664,1513150,1526327,1507546,1582212,1542093,1505873,1535553,1512471,1550049,1481352,1582774,1482566,1520252,1473073,1563270,1471741,1550875,1548475,1498986,1487040,1551038,1498186,1507297,1536128,1511656,1557122,1569619,1566898,1572719,1481680,1514622,1479559,1555807,1480272,1497677,1572913,1524375,1552758,1490051,1492571,1528011,1510758,1548424,1515929,1541616,1552983,1517767,1552654,1521569,1537951,1567387,1566349,1559017,1561718,1551446,1554580,1507937,1474479,1489586,1559153,1559284,1526401,1510902,1531892,1548336,1536921,1507509,1545708,1554205,1559148,1532675,1556784,1558983,1520282,1505859,1482754,1542603,1540118,1561457,1550102,1509161,1480373,1492239,1512464,1512687,1553660,1499636,1534255,1520088,1472120,1531450,1541561,1502717,1518623,1512410,1543938,1508851,1479957,1557088,1536958,1557881,1534029,1503695,1489589,1492111,1549497,1546286,1509315,1542237,1521584,1546451,1484484,1522027,1546552,1543230,1540727,1508796,1516987,1533403,1533475,1540322,1518133,1528977,1492697,1512491,1484279,1544306,1508129,1524397,1540776,1495489,1493095,1543130,1496509,1476971,1497450,1500018,1543577,1483231,1496140,1544648,1507725,1510377,1544049,1488852,1481174,1527661,1523264,1536100,1508983,1482395,1479258,1522113,1509664,1473064,1485142,1530042,1475010,1519451,1499202,1533192,1483160,1503768,1503473,1516572,1491592,1504239,1475154,1474862,1488188,1532466,1514446,1496624,1504955,1488156,1506324,1513311,1521942,1525847,1525528,1492113,1489883,1519384,1525492,1481764,1516541,1486508,1521392,1510124,1491526,1484040,1520389,1516451,1473212,1509460,1521444,1489351,1499576,1508799,1475080,1505937,1513869,1499051,1499928,1498264,1488125,1515070,1477331,1472697,1472715,1495687,1496972,1499876,1512379,1471997,1482845,1487368,1472885,1507904,1494505,1499352,1495844,1475428,1486834,1491019,1501455,1492944,1500013,1491216,1485540,1481136,1500643,1472757,1483480,1479735,1495586,1478064,1489393,1483455,1496561,1484809,1487966,1485149,1487382,1481619,1481334,1478672,1473668,1476003,1477589,1471436]"},
{"min_margin":387,"contest_name":"Kempsey Mayoral","contest_cvr_ids":"[]"}]