[{"county_id":1,"county_name":"Adams","contest_name":"Regent of the University of Colorado","contest_id":1590427},
{"county_id":1,"county_name":"Adams","contest_name":"Adams COUNTY COMMISSIONER DISTRICT 3","contest_id":1590429},
{"county_id":1,"county_name":"Adams","contest_name":"Byron Mayoral","contest_id":1590431},
{"county_id":2,"county_name":"Alamosa","contest_name":"Regent of the University of Colorado","contest_id":1590735},
{"county_id":2,"county_name":"Alamosa","contest_name":"Alamosa COUNTY COMMISSIONER DISTRICT 3","contest_id":1590737},
{"county_id":2,"county_name":"Alamosa","contest_name":"Byron Mayoral","contest_id":1590739},
{"county_id":3,"county_name":"Arapahoe","contest_name":"Byron Mayoral","contest_id":1591257},
{"county_id":3,"county_name":"Arapahoe","contest_name":"Tied_IRV","contest_id":1591259},
{"county_id":4,"county_name":"Archuleta","contest_name":"Kempsey Mayoral","contest_id":1591562},
{"county_id":4,"county_name":"Archuleta","contest_name":"Byron Mayoral","contest_id":1591564},
{"county_id":5,"county_name":"Baca","contest_name":"Byron Mayoral","contest_id":1593318},
{"county_id":6,"county_name":"Bent","contest_name":"Byron Mayoral","contest_id":1595816},
{"county_id":7,"county_name":"Boulder","contest_name":"City of Boulder Mayoral","contest_id":1471160},
{"county_id":7,"county_name":"Boulder","contest_name":"City of Boulder Council","contest_id":1471162},
{"county_id":7,"county_name":"Boulder","contest_name":"City of Lafayette City Council","contest_id":1471164},
{"county_id":7,"county_name":"Boulder","contest_name":"City of Longmont - Mayor","contest_id":1471166},
{"county_id":7,"county_name":"Boulder","contest_name":"City of Longmont - City Council Member At-Large","contest_id":1471168},
{"county_id":7,"county_name":"Boulder","contest_name":"City of Longmont - Council Member Ward 1","contest_id":1471170},
{"county_id":7,"county_name":"Boulder","contest_name":"City of Longmont - Council Member Ward 3","contest_id":1471172},
{"county_id":7,"county_name":"Boulder","contest_name":"City of Louisville Mayor At-Large (4 Year Term)","contest_id":1471174},
{"county_id":7,"county_name":"Boulder","contest_name":"City of Louisville City Council Ward 1 (4-year term)","contest_id":1471176},
{"county_id":7,"county_name":"Boulder","contest_name":"City of Louisville City Council Ward 2 (4-year term)","contest_id":1471178},
{"county_id":7,"county_name":"Boulder","contest_name":"City of Louisville City Council Ward 3","contest_id":1471180},
{"county_id":7,"county_name":"Boulder","contest_name":"Boulder Valley School District RE-2 Director District A (4 Years)","contest_id":1471182},
{"county_id":7,"county_name":"Boulder","contest_name":"Boulder Valley School District RE-2 Director District C (4 Years)","contest_id":1471184},
{"county_id":7,"county_name":"Boulder","contest_name":"Boulder Valley School District RE-2 Director District D (4 Years)","contest_id":1471186},
{"county_id":7,"county_name":"Boulder","contest_name":"Boulder Valley School District RE-2 Director District G (4 Years)","contest_id":1471188},
{"county_id":7,"county_name":"Boulder","contest_name":"Estes Park School District R-3 School Board Director At Large (4 Year)","contest_id":1471190},
{"county_id":7,"county_name":"Boulder","contest_name":"Thompson R2-J School District Board of Education Director District A (4 Year Term)","contest_id":1471192},
{"county_id":7,"county_name":"Boulder","contest_name":"Thompson R2-J School District Board of Education Director District C (4 Year Term)","contest_id":1471194},
{"county_id":7,"county_name":"Boulder","contest_name":"Thompson R2-J School District Board of Education Director District D (4 Year Term)","contest_id":1471196},
{"county_id":7,"county_name":"Boulder","contest_name":"Thompson R2-J School District Board of Education Director District G (4 Year Term)","contest_id":1471198},
{"county_id":7,"county_name":"Boulder","contest_name":"City of Longmont Municipal Court Judge - Frick","contest_id":1471200},
{"county_id":7,"county_name":"Boulder","contest_name":"Proposition HH (Statutory)","contest_id":1471202},
{"county_id":7,"county_name":"Boulder","contest_name":"Proposition II (Statutory)","contest_id":1471204},
{"county_id":7,"county_name":"Boulder","contest_name":"Boulder County Ballot Issue 1A","contest_id":1471206},
{"county_id":7,"county_name":"Boulder","contest_name":"Boulder County Ballot Issue 1B","contest_id":1471208},
{"county_id":7,"county_name":"Boulder","contest_name":"City of Boulder Ballot Issue 2A","contest_id":1471210},
{"county_id":7,"county_name":"Boulder","contest_name":"City of Boulder Ballot Question 2B","contest_id":1471212},
{"county_id":7,"county_name":"Boulder","contest_name":"City of Boulder Ballot Question 302","contest_id":1471214},
{"county_id":7,"county_name":"Boulder","contest_name":"Town of Erie Ballot Question 3A","contest_id":1471216},
{"county_id":7,"county_name":"Boulder","contest_name":"Town of Erie Ballot Question 3B","contest_id":1471218},
{"county_id":7,"county_name":"Boulder","contest_name":"City of Longmont Ballot Issue 3C","contest_id":1471220},
{"county_id":7,"county_name":"Boulder","contest_name":"City of Longmont Ballot Issue 3D","contest_id":1471222},
{"county_id":7,"county_name":"Boulder","contest_name":"City of Longmont Ballot Issue 3E","contest_id":1471224},
{"county_id":7,"county_name":"Boulder","contest_name":"City of Louisville Ballot Issue 2C","contest_id":1471226},
{"county_id":7,"county_name":"Boulder","contest_name":"Town of Superior Ballot Question 301","contest_id":1471228},
{"county_id":7,"county_name":"Boulder","contest_name":"Town of Superior - Home Rule Charter Commission","contest_id":1471230},
{"county_id":7,"county_name":"Boulder","contest_name":"Nederland Eco Pass Public Improvement District Ballot Issue 6A","contest_id":1471232},
{"county_id":7,"county_name":"Boulder","contest_name":"North Metro Fire Rescue District Ballot Issue 7A","contest_id":1471234},
{"county_id":7,"county_name":"Boulder","contest_name":"Byron Mayoral","contest_id":1471236},
{"county_id":8,"county_name":"Chaffee","contest_name":"Byron Mayoral","contest_id":1597930},
{"county_id":9,"county_name":"Cheyenne","contest_name":"Byron Mayoral","contest_id":1600717},
{"county_id":10,"county_name":"Clear Creek","contest_name":"Byron Mayoral","contest_id":1603392},
{"county_id":11,"county_name":"Conejos","contest_name":"Byron Mayoral","contest_id":1605928},
{"county_id":12,"county_name":"Costilla","contest_name":"Byron Mayoral","contest_id":1608411},
{"county_id":13,"county_name":"Crowley","contest_name":"Byron Mayoral","contest_id":1611039},
{"county_id":14,"county_name":"Custer","contest_name":"Byron Mayoral","contest_id":1611566},
{"county_id":15,"county_name":"Delta","contest_name":"Byron Mayoral","contest_id":1611854},
{"county_id":16,"county_name":"Denver","contest_name":"Byron Mayoral","contest_id":1612163},
{"county_id":17,"county_name":"Dolores","contest_name":"Byron Mayoral","contest_id":1612462},
{"county_id":18,"county_name":"Douglas","contest_name":"Byron Mayoral","contest_id":1612764},
{"county_id":19,"county_name":"Eagle","contest_name":"Byron Mayoral","contest_id":1613057},
{"county_id":20,"county_name":"Elbert","contest_name":"Byron Mayoral","contest_id":1613355},
{"county_id":21,"county_name":"El Paso","contest_name":"Byron Mayoral","contest_id":1613657},
{"county_id":22,"county_name":"Fremont","contest_name":"Byron Mayoral","contest_id":1613962},
{"county_id":23,"county_name":"Garfield","contest_name":"Byron Mayoral","contest_id":1614265},
{"county_id":24,"county_name":"Gilpin","contest_name":"Byron Mayoral","contest_id":1614565},
{"county_id":25,"county_name":"Grand","contest_name":"Byron Mayoral","contest_id":1614864},
{"county_id":26,"county_name":"Gunnison","contest_name":"Byron Mayoral","contest_id":1615157},
{"county_id":27,"county_name":"Hinsdale","contest_name":"Byron Mayoral","contest_id":1615462},
{"county_id":28,"county_name":"Huerfano","contest_name":"Byron Mayoral","contest_id":1615764},
{"county_id":29,"county_name":"Jackson","contest_name":"Byron Mayoral","contest_id":1616064},
{"county_id":30,"county_name":"Jefferson","contest_name":"Byron Mayoral","contest_id":1616357},
{"county_id":31,"county_name":"Kiowa","contest_name":"Byron Mayoral","contest_id":1616664},
{"county_id":32,"county_name":"Kit Carson","contest_name":"Byron Mayoral","contest_id":1616962},
{"county_id":33,"county_name":"Lake","contest_name":"Byron Mayoral","contest_id":1617262},
{"county_id":34,"county_name":"La Plata","contest_name":"Byron Mayoral","contest_id":1617557},
{"county_id":35,"county_name":"Larimer","contest_name":"Byron Mayoral","contest_id":1617862},
{"county_id":36,"county_name":"Las Animas","contest_name":"Byron Mayoral","contest_id":1618164},
{"county_id":37,"county_name":"Lincoln","contest_name":"Byron Mayoral","contest_id":1618455},
{"county_id":38,"county_name":"Logan","contest_name":"Byron Mayoral","contest_id":1618757},
{"county_id":39,"county_name":"Mesa","contest_name":"Byron Mayoral","contest_id":1619062},
{"county_id":40,"county_name":"Mineral","contest_name":"Byron Mayoral","contest_id":1619357},
{"county_id":41,"county_name":"Moffat","contest_name":"Byron Mayoral","contest_id":1619661},
{"county_id":42,"county_name":"Montezuma","contest_name":"Byron Mayoral","contest_id":1619957},
{"county_id":43,"county_name":"Montrose","contest_name":"Byron Mayoral","contest_id":1620262},
{"county_id":44,"county_name":"Morgan","contest_name":"Byron Mayoral","contest_id":1620555},
{"county_id":45,"county_name":"Otero","contest_name":"Byron Mayoral","contest_id":1620857},
{"county_id":46,"county_name":"Ouray","contest_name":"Byron Mayoral","contest_id":1621157},
{"county_id":47,"county_name":"Park","contest_name":"Byron Mayoral","contest_id":1621455},
{"county_id":48,"county_name":"Phillips","contest_name":"Byron Mayoral","contest_id":1621762},
{"county_id":49,"county_name":"Pitkin","contest_name":"Byron Mayoral","contest_id":1622057},
{"county_id":50,"county_name":"Prowers","contest_name":"Byron Mayoral","contest_id":1622362},
{"county_id":51,"county_name":"Pueblo","contest_name":"Byron Mayoral","contest_id":1622657},
{"county_id":52,"county_name":"Rio Blanco","contest_name":"Byron Mayoral","contest_id":1622957},
{"county_id":53,"county_name":"Rio Grande","contest_name":"Byron Mayoral","contest_id":1623261},
{"county_id":54,"county_name":"Routt","contest_name":"Byron Mayoral","contest_id":1623561},
{"county_id":55,"county_name":"Saguache","contest_name":"Byron Mayoral","contest_id":1623863},
{"county_id":56,"county_name":"San Juan","contest_name":"Byron Mayoral","contest_id":1624155},
{"county_id":57,"county_name":"San Miguel","contest_name":"Byron Mayoral","contest_id":1624452},
{"county_id":58,"county_name":"Sedgwick","contest_name":"Byron Mayoral","contest_id":1624753},
{"county_id":59,"county_name":"Summit","contest_name":"Byron Mayoral","contest_id":1625057},
{"county_id":60,"county_name":"Teller","contest_name":"Byron Mayoral","contest_id":1625351},
{"county_id":61,"county_name":"Washington","contest_name":"Byron Mayoral","contest_id":1625657},
{"county_id":62,"county_name":"Weld","contest_name":"Byron Mayoral","contest_id":1625947},
{"county_id":63,"county_name":"Yuma","contest_name":"Byron Mayoral","contest_id":1626248},
{"county_id":64,"county_name":"Broomfield","contest_name":"Byron Mayoral","contest_id":1626542}]