county_id,county_name,contest_name,contest_id
1,Adams,Regent of the University of Colorado,1590427
1,Adams,Adams COUNTY COMMISSIONER DISTRICT 3,1590429
1,Adams,Byron Mayoral,1590431
2,Alamosa,Regent of the University of Colorado,1590735
2,Alamosa,Alamosa COUNTY COMMISSIONER DISTRICT 3,1590737
2,Alamosa,Byron Mayoral,1590739
3,Arapahoe,Byron Mayoral,1591257
3,Arapahoe,Tied_IRV,1591259
4,Archuleta,Kempsey Mayoral,1591562
4,Archuleta,Byron Mayoral,1591564
5,Baca,Byron Mayoral,1593318
6,Bent,Byron Mayoral,1595816
7,Boulder,City of Boulder Mayoral,1471160
7,Boulder,City of Boulder Council,1471162
7,Boulder,City of Lafayette City Council,1471164
7,Boulder,City of Longmont - Mayor,1471166
7,Boulder,City of Longmont - City Council Member At-Large,1471168
7,Boulder,City of Longmont - Council Member Ward 1,1471170
7,Boulder,City of Longmont - Council Member Ward 3,1471172
7,Boulder,City of Louisville Mayor At-Large (4 Year Term),1471174
7,Boulder,City of Louisville City Council Ward 1 (4-year term),1471176
7,Boulder,City of Louisville City Council Ward 2 (4-year term),1471178
7,Boulder,City of Louisville City Council Ward 3,1471180
7,Boulder,Boulder Valley School District RE-2 Director District A (4 Years),1471182
7,Boulder,Boulder Valley School District RE-2 Director District C (4 Years),1471184
7,Boulder,Boulder Valley School District RE-2 Director District D (4 Years),1471186
7,Boulder,Boulder Valley School District RE-2 Director District G (4 Years),1471188
7,Boulder,Estes Park School District R-3 School Board Director At Large (4 Year),1471190
7,Boulder,Thompson R2-J School District Board of Education Director District A (4 Year Term),1471192
7,Boulder,Thompson R2-J School District Board of Education Director District C (4 Year Term),1471194
7,Boulder,Thompson R2-J School District Board of Education Director District D (4 Year Term),1471196
7,Boulder,Thompson R2-J School District Board of Education Director District G (4 Year Term),1471198
7,Boulder,City of Longmont Municipal Court Judge - Frick,1471200
7,Boulder,Proposition HH (Statutory),1471202
7,Boulder,Proposition II (Statutory),1471204
7,Boulder,Boulder County Ballot Issue 1A,1471206
7,Boulder,Boulder County Ballot Issue 1B,1471208
7,Boulder,City of Boulder Ballot Issue 2A,1471210
7,Boulder,City of Boulder Ballot Question 2B,1471212
7,Boulder,City of Boulder Ballot Question 302,1471214
7,Boulder,Town of Erie Ballot Question 3A,1471216
7,Boulder,Town of Erie Ballot Question 3B,1471218
7,Boulder,City of Longmont Ballot Issue 3C,1471220
7,Boulder,City of Longmont Ballot Issue 3D,1471222
7,Boulder,City of Longmont Ballot Issue 3E,1471224
7,Boulder,City of Louisville Ballot Issue 2C,1471226
7,Boulder,Town of Superior Ballot Question 301,1471228
7,Boulder,Town of Superior - Home Rule Charter Commission,1471230
7,Boulder,Nederland Eco Pass Public Improvement District Ballot Issue 6A,1471232
7,Boulder,North Metro Fire Rescue District Ballot Issue 7A,1471234
7,Boulder,Byron Mayoral,1471236
8,Chaffee,Byron Mayoral,1597930
9,Cheyenne,Byron Mayoral,1600717
10,Clear Creek,Byron Mayoral,1603392
11,Conejos,Byron Mayoral,1605928
12,Costilla,Byron Mayoral,1608411
13,Crowley,Byron Mayoral,1611039
14,Custer,Byron Mayoral,1611566
15,Delta,Byron Mayoral,1611854
16,Denver,Byron Mayoral,1612163
17,Dolores,Byron Mayoral,1612462
18,Douglas,Byron Mayoral,1612764
19,Eagle,Byron Mayoral,1613057
20,Elbert,Byron Mayoral,1613355
21,El Paso,Byron Mayoral,1613657
22,Fremont,Byron Mayoral,1613962
23,Garfield,Byron Mayoral,1614265
24,Gilpin,Byron Mayoral,1614565
25,Grand,Byron Mayoral,1614864
26,Gunnison,Byron Mayoral,1615157
27,Hinsdale,Byron Mayoral,1615462
28,Huerfano,Byron Mayoral,1615764
29,Jackson,Byron Mayoral,1616064
30,Jefferson,Byron Mayoral,1616357
31,Kiowa,Byron Mayoral,1616664
32,Kit Carson,Byron Mayoral,1616962
33,Lake,Byron Mayoral,1617262
34,La Plata,Byron Mayoral,1617557
35,Larimer,Byron Mayoral,1617862
36,Las Animas,Byron Mayoral,1618164
37,Lincoln,Byron Mayoral,1618455
38,Logan,Byron Mayoral,1618757
39,Mesa,Byron Mayoral,1619062
40,Mineral,Byron Mayoral,1619357
41,Moffat,Byron Mayoral,1619661
42,Montezuma,Byron Mayoral,1619957
43,Montrose,Byron Mayoral,1620262
44,Morgan,Byron Mayoral,1620555
45,Otero,Byron Mayoral,1620857
46,Ouray,Byron Mayoral,1621157
47,Park,Byron Mayoral,1621455
48,Phillips,Byron Mayoral,1621762
49,Pitkin,Byron Mayoral,1622057
50,Prowers,Byron Mayoral,1622362
51,Pueblo,Byron Mayoral,1622657
52,Rio Blanco,Byron Mayoral,1622957
53,Rio Grande,Byron Mayoral,1623261
54,Routt,Byron Mayoral,1623561
55,Saguache,Byron Mayoral,1623863
56,San Juan,Byron Mayoral,1624155
57,San Miguel,Byron Mayoral,1624452
58,Sedgwick,Byron Mayoral,1624753
59,Summit,Byron Mayoral,1625057
60,Teller,Byron Mayoral,1625351
61,Washington,Byron Mayoral,1625657
62,Weld,Byron Mayoral,1625947
63,Yuma,Byron Mayoral,1626248
64,Broomfield,Byron Mayoral,1626542
