contest_name,audit_reason,random_audit_status,winners_allowed,ballot_card_count,contest_ballot_card_count,winners,min_margin,risk_limit,audited_sample_count,two_vote_over_count,one_vote_over_count,one_vote_under_count,two_vote_under_count,disagreement_count,other_count,gamma,overstatements,optimistic_samples_to_audit,estimated_samples_to_audit
Adams COUNTY COMMISSIONER DISTRICT 3,opportunistic_benefits,in_progress,1,284,46,"""Jeff Baker""",42,0.03000000,0,0,0,0,0,0,0,1.03905000,0,50,50
Alamosa COUNTY COMMISSIONER DISTRICT 3,opportunistic_benefits,in_progress,1,284,45,"""Jeff Baker""",37,0.03000000,0,0,0,0,0,0,0,1.03905000,0,56,56
Boulder County Ballot Issue 1A,opportunistic_benefits,in_progress,1,119643,118525,"""Yes/For""",71567,0.03000000,0,0,0,0,0,0,0,1.03905000,0,13,13
Boulder County Ballot Issue 1B,opportunistic_benefits,in_progress,1,119643,118525,"""Yes/For""",49723,0.03000000,0,0,0,0,0,0,0,1.03905000,0,18,18
Boulder Valley School District RE-2 Director District A (4 Years),opportunistic_benefits,in_progress,1,119643,74164,"""Jason Unger""",9767,0.03000000,0,0,0,0,0,0,0,1.03905000,0,90,90
Boulder Valley School District RE-2 Director District C (4 Years),opportunistic_benefits,in_progress,1,119643,74164,"""Alex Medler""",20599,0.03000000,0,0,0,0,0,0,0,1.03905000,0,43,43
Boulder Valley School District RE-2 Director District D (4 Years),opportunistic_benefits,in_progress,1,119643,74164,"""Lalenia Quinlan Aweida""",7836,0.03000000,0,0,0,0,0,0,0,1.03905000,0,112,112
Boulder Valley School District RE-2 Director District G (4 Years),opportunistic_benefits,in_progress,1,119643,74164,"""Jorge Chavez""",20364,0.03000000,0,0,0,0,0,0,0,1.03905000,0,43,43
Byron Mayoral,state_wide_contest,in_progress,1,154825,18165,"""LYON Michael""",1060,0.03000000,10,1,8,0,0,0,0,1.03905000,0,2539,4661
City of Boulder Ballot Issue 2A,opportunistic_benefits,in_progress,1,119643,34149,"""Yes/For""",16288,0.03000000,0,0,0,0,0,0,0,1.03905000,0,54,54
City of Boulder Ballot Question 2B,opportunistic_benefits,in_progress,1,119643,34149,"""Yes/For""",21934,0.03000000,0,0,0,0,0,0,0,1.03905000,0,40,40
City of Boulder Ballot Question 302,opportunistic_benefits,in_progress,1,119643,34149,"""Yes/For""",7252,0.03000000,0,0,0,0,0,0,0,1.03905000,0,121,121
City of Boulder Council,opportunistic_benefits,in_progress,4,119643,34149,"""Taishya Adams"",""Tara Winer"",""Ryan Schuchard"",""Tina Marquis""",46,0.03000000,0,0,0,0,0,0,0,1.03905000,0,18953,18953
City of Boulder Mayoral,county_wide_contest,in_progress,1,119643,34149,"""Aaron Brockett""",1228,0.03000000,7,0,7,0,0,0,0,1.03905000,0,1641,3282
City of Lafayette City Council,opportunistic_benefits,in_progress,4,119643,11270,"""Crystal Gallegos"",""JD Mangat"",""David Fridland"",""Tim Barnes""",111,0.03000000,0,0,0,0,0,0,0,1.03905000,0,7855,7855
City of Longmont Ballot Issue 3C,opportunistic_benefits,in_progress,1,119643,33460,"""No/Against""",10259,0.03000000,0,0,0,0,0,0,0,1.03905000,0,85,85
City of Longmont Ballot Issue 3D,opportunistic_benefits,in_progress,1,119643,33460,"""No/Against""",11249,0.03000000,0,0,0,0,0,0,0,1.03905000,0,78,78
City of Longmont Ballot Issue 3E,opportunistic_benefits,in_progress,1,119643,33460,"""No/Against""",12231,0.03000000,0,0,0,0,0,0,0,1.03905000,0,72,72
City of Longmont - City Council Member At-Large,opportunistic_benefits,in_progress,1,119643,33460,"""Sean P. McCoy""",5600,0.03000000,0,0,0,0,0,0,0,1.03905000,0,156,156
City of Longmont - Council Member Ward 1,opportunistic_benefits,in_progress,1,119643,10423,"""Diane Crist""",874,0.03000000,0,0,0,0,0,0,0,1.03905000,0,998,998
City of Longmont - Council Member Ward 3,opportunistic_benefits,in_progress,1,119643,12147,"""Susie Hidalgo-Fahring""",495,0.03000000,0,0,0,0,0,0,0,1.03905000,0,1762,1762
City of Longmont - Mayor,opportunistic_benefits,in_progress,1,119643,33460,"""Joan Peck""",10773,0.03000000,0,0,0,0,0,0,0,1.03905000,0,81,81
City of Longmont Municipal Court Judge - Frick,opportunistic_benefits,in_progress,1,119643,33460,"""Yes/For""",10205,0.03000000,0,0,0,0,0,0,0,1.03905000,0,86,86
City of Louisville Ballot Issue 2C,opportunistic_benefits,in_progress,1,119643,8688,"""Yes/For""",3280,0.03000000,0,0,0,0,0,0,0,1.03905000,0,266,266
City of Louisville City Council Ward 1 (4-year term),opportunistic_benefits,not_auditable,1,119643,2590,"""J. Caleb Dickinson""",0,0.03000000,0,0,0,0,0,0,0,1.03905000,0,0,0
City of Louisville City Council Ward 2 (4-year term),opportunistic_benefits,in_progress,1,119643,2925,"""Deborah Fahey""",204,0.03000000,0,0,0,0,0,0,0,1.03905000,0,4274,4274
City of Louisville City Council Ward 3,opportunistic_benefits,not_auditable,2,119643,3173,"""Dietrich Hoefner"",""Barbara Hamlington""",0,0.03000000,0,0,0,0,0,0,0,1.03905000,0,0,0
City of Louisville Mayor At-Large (4 Year Term),opportunistic_benefits,in_progress,1,119643,8688,"""Chris Leh""",2602,0.03000000,0,0,0,0,0,0,0,1.03905000,0,336,336
Estes Park School District R-3 School Board Director At Large (4 Year),opportunistic_benefits,in_progress,2,119643,224,"""Brad Shochat"",""Brenda L. Wyss""",50,0.03000000,0,0,0,0,0,0,0,1.03905000,0,17437,17437
Kempsey Mayoral,opportunistic_benefits,in_progress,1,17585,17585,"""HAUVILLE Leo""",387,0.03000000,0,0,0,0,0,0,0,1.03905000,0,332,332
Nederland Eco Pass Public Improvement District Ballot Issue 6A,opportunistic_benefits,in_progress,1,119643,1543,"""Yes/For""",904,0.03000000,0,0,0,0,0,0,0,1.03905000,0,965,965
North Metro Fire Rescue District Ballot Issue 7A,opportunistic_benefits,in_progress,1,119643,26,"""Yes/For""",8,0.03000000,0,0,0,0,0,0,0,1.03905000,0,108980,108980
Proposition HH (Statutory),opportunistic_benefits,in_progress,1,119643,118525,"""Yes/For""",20532,0.03000000,0,0,0,0,0,0,0,1.03905000,0,43,43
Proposition II (Statutory),opportunistic_benefits,in_progress,1,119643,118525,"""Yes/For""",76013,0.03000000,0,0,0,0,0,0,0,1.03905000,0,12,12
Regent of the University of Colorado,opportunistic_benefits,in_progress,1,568,330,"""Clear Winner""",216,0.03000000,0,0,0,0,0,0,0,1.03905000,0,20,20
Thompson R2-J School District Board of Education Director District A (4 Year Term),opportunistic_benefits,in_progress,1,119643,12,"""Dawn Kirk""",5,0.03000000,0,0,0,0,0,0,0,1.03905000,0,174368,174368
Thompson R2-J School District Board of Education Director District C (4 Year Term),opportunistic_benefits,in_progress,1,119643,12,"""Briah Freeman""",7,0.03000000,0,0,0,0,0,0,0,1.03905000,0,124548,124548
Thompson R2-J School District Board of Education Director District D (4 Year Term),opportunistic_benefits,in_progress,1,119643,12,"""Denise Alvine Chapman""",5,0.03000000,0,0,0,0,0,0,0,1.03905000,0,174368,174368
Thompson R2-J School District Board of Education Director District G (4 Year Term),opportunistic_benefits,in_progress,1,119643,12,"""Stu Boyd""",4,0.03000000,0,0,0,0,0,0,0,1.03905000,0,217959,217959
Tied_IRV,opportunistic_benefits,not_auditable,1,284,10,"""""",0,0.03000000,0,0,0,0,0,0,0,1.03905000,0,0,0
Town of Erie Ballot Question 3A,opportunistic_benefits,in_progress,1,119643,5281,"""Yes/For""",1162,0.03000000,0,0,0,0,0,0,0,1.03905000,0,751,751
Town of Erie Ballot Question 3B,opportunistic_benefits,in_progress,1,119643,5281,"""Yes/For""",846,0.03000000,0,0,0,0,0,0,0,1.03905000,0,1031,1031
Town of Superior Ballot Question 301,opportunistic_benefits,in_progress,1,119643,4058,"""Yes/For""",942,0.03000000,0,0,0,0,0,0,0,1.03905000,0,926,926
Town of Superior - Home Rule Charter Commission,opportunistic_benefits,in_progress,9,119643,4058,"""Ryan Hitchler"",""Heather Cracraft"",""Claire Dixon"",""Dalton Valette"",""Chris Hanson"",""Ryan Welch"",""Mike Foster"",""Clint Folsom"",""Jeff Chu""",46,0.03000000,0,0,0,0,0,0,0,1.03905000,0,18953,18953
