[{"contest_name":"Adams COUNTY COMMISSIONER DISTRICT 3","audit_reason":"opportunistic_benefits","random_audit_status":"in_progress","winners_allowed":1,"ballot_card_count":284,"contest_ballot_card_count":46,"winners":"\"Jeff Baker\"","min_margin":42,"risk_limit":0.03000000,"audited_sample_count":0,"two_vote_over_count":0,"one_vote_over_count":0,"one_vote_under_count":0,"two_vote_under_count":0,"disagreement_count":0,"other_count":0,"gamma":1.03905000,"overstatements":0,"optimistic_samples_to_audit":50,"estimated_samples_to_audit":50},
{"contest_name":"Alamosa COUNTY COMMISSIONER DISTRICT 3","audit_reason":"opportunistic_benefits","random_audit_status":"in_progress","winners_allowed":1,"ballot_card_count":284,"contest_ballot_card_count":45,"winners":"\"Jeff Baker\"","min_margin":37,"risk_limit":0.03000000,"audited_sample_count":0,"two_vote_over_count":0,"one_vote_over_count":0,"one_vote_under_count":0,"two_vote_under_count":0,"disagreement_count":0,"other_count":0,"gamma":1.03905000,"overstatements":0,"optimistic_samples_to_audit":56,"estimated_samples_to_audit":56},
{"contest_name":"Boulder County Ballot Issue 1A","audit_reason":"opportunistic_benefits","random_audit_status":"in_progress","winners_allowed":1,"ballot_card_count":119643,"contest_ballot_card_count":118525,"winners":"\"Yes/For\"","min_margin":71567,"risk_limit":0.03000000,"audited_sample_count":0,"two_vote_over_count":0,"one_vote_over_count":0,"one_vote_under_count":0,"two_vote_under_count":0,"disagreement_count":0,"other_count":0,"gamma":1.03905000,"overstatements":0,"optimistic_samples_to_audit":13,"estimated_samples_to_audit":13},
{"contest_name":"Boulder County Ballot Issue 1B","audit_reason":"opportunistic_benefits","random_audit_status":"in_progress","winners_allowed":1,"ballot_card_count":119643,"contest_ballot_card_count":118525,"winners":"\"Yes/For\"","min_margin":49723,"risk_limit":0.03000000,"audited_sample_count":0,"two_vote_over_count":0,"one_vote_over_count":0,"one_vote_under_count":0,"two_vote_under_count":0,"disagreement_count":0,"other_count":0,"gamma":1.03905000,"overstatements":0,"optimistic_samples_to_audit":18,"estimated_samples_to_audit":18},
{"contest_name":"Boulder Valley School District RE-2 Director District A (4 Years)","audit_reason":"opportunistic_benefits","random_audit_status":"in_progress","winners_allowed":1,"ballot_card_count":119643,"contest_ballot_card_count":74164,"winners":"\"Jason Unger\"","min_margin":9767,"risk_limit":0.03000000,"audited_sample_count":0,"two_vote_over_count":0,"one_vote_over_count":0,"one_vote_under_count":0,"two_vote_under_count":0,"disagreement_count":0,"other_count":0,"gamma":1.03905000,"overstatements":0,"optimistic_samples_to_audit":90,"estimated_samples_to_audit":90},
{"contest_name":"Boulder Valley School District RE-2 Director District C (4 Years)","audit_reason":"opportunistic_benefits","random_audit_status":"in_progress","winners_allowed":1,"ballot_card_count":119643,"contest_ballot_card_count":74164,"winners":"\"Alex Medler\"","min_margin":20599,"risk_limit":0.03000000,"audited_sample_count":0,"two_vote_over_count":0,"one_vote_over_count":0,"one_vote_under_count":0,"two_vote_under_count":0,"disagreement_count":0,"other_count":0,"gamma":1.03905000,"overstatements":0,"optimistic_samples_to_audit":43,"estimated_samples_to_audit":43},
{"contest_name":"Boulder Valley School District RE-2 Director District D (4 Years)","audit_reason":"opportunistic_benefits","random_audit_status":"in_progress","winners_allowed":1,"ballot_card_count":119643,"contest_ballot_card_count":74164,"winners":"\"Lalenia Quinlan Aweida\"","min_margin":7836,"risk_limit":0.03000000,"audited_sample_count":0,"two_vote_over_count":0,"one_vote_over_count":0,"one_vote_under_count":0,"two_vote_under_count":0,"disagreement_count":0,"other_count":0,"gamma":1.03905000,"overstatements":0,"optimistic_samples_to_audit":112,"estimated_samples_to_audit":112},
{"contest_name":"Boulder Valley School District RE-2 Director District G (4 Years)","audit_reason":"opportunistic_benefits","random_audit_status":"in_progress","winners_allowed":1,"ballot_card_count":119643,"contest_ballot_card_count":74164,"winners":"\"Jorge Chavez\"","min_margin":20364,"risk_limit":0.03000000,"audited_sample_count":0,"two_vote_over_count":0,"one_vote_over_count":0,"one_vote_under_count":0,"two_vote_under_count":0,"disagreement_count":0,"other_count":0,"gamma":1.03905000,"overstatements":0,"optimistic_samples_to_audit":43,"estimated_samples_to_audit":43},
{"contest_name":"Byron Mayoral","audit_reason":"state_wide_contest","random_audit_status":"in_progress","winners_allowed":1,"ballot_card_count":154825,"contest_ballot_card_count":18165,"winners":"\"LYON Michael\"","min_margin":1060,"risk_limit":0.03000000,"audited_sample_count":10,"two_vote_over_count":1,"one_vote_over_count":8,"one_vote_under_count":0,"two_vote_under_count":0,"disagreement_count":0,"other_count":0,"gamma":1.03905000,"overstatements":0,"optimistic_samples_to_audit":2539,"estimated_samples_to_audit":4661},
{"contest_name":"City of Boulder Ballot Issue 2A","audit_reason":"opportunistic_benefits","random_audit_status":"in_progress","winners_allowed":1,"ballot_card_count":119643,"contest_ballot_card_count":34149,"winners":"\"Yes/For\"","min_margin":16288,"risk_limit":0.03000000,"audited_sample_count":0,"two_vote_over_count":0,"one_vote_over_count":0,"one_vote_under_count":0,"two_vote_under_count":0,"disagreement_count":0,"other_count":0,"gamma":1.03905000,"overstatements":0,"optimistic_samples_to_audit":54,"estimated_samples_to_audit":54},
{"contest_name":"City of Boulder Ballot Question 2B","audit_reason":"opportunistic_benefits","random_audit_status":"in_progress","winners_allowed":1,"ballot_card_count":119643,"contest_ballot_card_count":34149,"winners":"\"Yes/For\"","min_margin":21934,"risk_limit":0.03000000,"audited_sample_count":0,"two_vote_over_count":0,"one_vote_over_count":0,"one_vote_under_count":0,"two_vote_under_count":0,"disagreement_count":0,"other_count":0,"gamma":1.03905000,"overstatements":0,"optimistic_samples_to_audit":40,"estimated_samples_to_audit":40},
{"contest_name":"City of Boulder Ballot Question 302","audit_reason":"opportunistic_benefits","random_audit_status":"in_progress","winners_allowed":1,"ballot_card_count":119643,"contest_ballot_card_count":34149,"winners":"\"Yes/For\"","min_margin":7252,"risk_limit":0.03000000,"audited_sample_count":0,"two_vote_over_count":0,"one_vote_over_count":0,"one_vote_under_count":0,"two_vote_under_count":0,"disagreement_count":0,"other_count":0,"gamma":1.03905000,"overstatements":0,"optimistic_samples_to_audit":121,"estimated_samples_to_audit":121},
{"contest_name":"City of Boulder Council","audit_reason":"opportunistic_benefits","random_audit_status":"in_progress","winners_allowed":4,"ballot_card_count":119643,"contest_ballot_card_count":34149,"winners":"\"Taishya Adams\",\"Tara Winer\",\"Ryan Schuchard\",\"Tina Marquis\"","min_margin":46,"risk_limit":0.03000000,"audited_sample_count":0,"two_vote_over_count":0,"one_vote_over_count":0,"one_vote_under_count":0,"two_vote_under_count":0,"disagreement_count":0,"other_count":0,"gamma":1.03905000,"overstatements":0,"optimistic_samples_to_audit":18953,"estimated_samples_to_audit":18953},
{"contest_name":"City of Boulder Mayoral","audit_reason":"county_wide_contest","random_audit_status":"in_progress","winners_allowed":1,"ballot_card_count":119643,"contest_ballot_card_count":34149,"winners":"\"Aaron Brockett\"","min_margin":1228,"risk_limit":0.03000000,"audited_sample_count":7,"two_vote_over_count":0,"one_vote_over_count":7,"one_vote_under_count":0,"two_vote_under_count":0,"disagreement_count":0,"other_count":0,"gamma":1.03905000,"overstatements":0,"optimistic_samples_to_audit":1641,"estimated_samples_to_audit":3282},
{"contest_name":"City of Lafayette City Council","audit_reason":"opportunistic_benefits","random_audit_status":"in_progress","winners_allowed":4,"ballot_card_count":119643,"contest_ballot_card_count":11270,"winners":"\"Crystal Gallegos\",\"JD Mangat\",\"David Fridland\",\"Tim Barnes\"","min_margin":111,"risk_limit":0.03000000,"audited_sample_count":0,"two_vote_over_count":0,"one_vote_over_count":0,"one_vote_under_count":0,"two_vote_under_count":0,"disagreement_count":0,"other_count":0,"gamma":1.03905000,"overstatements":0,"optimistic_samples_to_audit":7855,"estimated_samples_to_audit":7855},
{"contest_name":"City of Longmont Ballot Issue 3C","audit_reason":"opportunistic_benefits","random_audit_status":"in_progress","winners_allowed":1,"ballot_card_count":119643,"contest_ballot_card_count":33460,"winners":"\"No/Against\"","min_margin":10259,"risk_limit":0.03000000,"audited_sample_count":0,"two_vote_over_count":0,"one_vote_over_count":0,"one_vote_under_count":0,"two_vote_under_count":0,"disagreement_count":0,"other_count":0,"gamma":1.03905000,"overstatements":0,"optimistic_samples_to_audit":85,"estimated_samples_to_audit":85},
{"contest_name":"City of Longmont Ballot Issue 3D","audit_reason":"opportunistic_benefits","random_audit_status":"in_progress","winners_allowed":1,"ballot_card_count":119643,"contest_ballot_card_count":33460,"winners":"\"No/Against\"","min_margin":11249,"risk_limit":0.03000000,"audited_sample_count":0,"two_vote_over_count":0,"one_vote_over_count":0,"one_vote_under_count":0,"two_vote_under_count":0,"disagreement_count":0,"other_count":0,"gamma":1.03905000,"overstatements":0,"optimistic_samples_to_audit":78,"estimated_samples_to_audit":78},
{"contest_name":"City of Longmont Ballot Issue 3E","audit_reason":"opportunistic_benefits","random_audit_status":"in_progress","winners_allowed":1,"ballot_card_count":119643,"contest_ballot_card_count":33460,"winners":"\"No/Against\"","min_margin":12231,"risk_limit":0.03000000,"audited_sample_count":0,"two_vote_over_count":0,"one_vote_over_count":0,"one_vote_under_count":0,"two_vote_under_count":0,"disagreement_count":0,"other_count":0,"gamma":1.03905000,"overstatements":0,"optimistic_samples_to_audit":72,"estimated_samples_to_audit":72},
{"contest_name":"City of Longmont - City Council Member At-Large","audit_reason":"opportunistic_benefits","random_audit_status":"in_progress","winners_allowed":1,"ballot_card_count":119643,"contest_ballot_card_count":33460,"winners":"\"Sean P. McCoy\"","min_margin":5600,"risk_limit":0.03000000,"audited_sample_count":0,"two_vote_over_count":0,"one_vote_over_count":0,"one_vote_under_count":0,"two_vote_under_count":0,"disagreement_count":0,"other_count":0,"gamma":1.03905000,"overstatements":0,"optimistic_samples_to_audit":156,"estimated_samples_to_audit":156},
{"contest_name":"City of Longmont - Council Member Ward 1","audit_reason":"opportunistic_benefits","random_audit_status":"in_progress","winners_allowed":1,"ballot_card_count":119643,"contest_ballot_card_count":10423,"winners":"\"Diane Crist\"","min_margin":874,"risk_limit":0.03000000,"audited_sample_count":0,"two_vote_over_count":0,"one_vote_over_count":0,"one_vote_under_count":0,"two_vote_under_count":0,"disagreement_count":0,"other_count":0,"gamma":1.03905000,"overstatements":0,"optimistic_samples_to_audit":998,"estimated_samples_to_audit":998},
{"contest_name":"City of Longmont - Council Member Ward 3","audit_reason":"opportunistic_benefits","random_audit_status":"in_progress","winners_allowed":1,"ballot_card_count":119643,"contest_ballot_card_count":12147,"winners":"\"Susie Hidalgo-Fahring\"","min_margin":495,"risk_limit":0.03000000,"audited_sample_count":0,"two_vote_over_count":0,"one_vote_over_count":0,"one_vote_under_count":0,"two_vote_under_count":0,"disagreement_count":0,"other_count":0,"gamma":1.03905000,"overstatements":0,"optimistic_samples_to_audit":1762,"estimated_samples_to_audit":1762},
{"contest_name":"City of Longmont - Mayor","audit_reason":"opportunistic_benefits","random_audit_status":"in_progress","winners_allowed":1,"ballot_card_count":119643,"contest_ballot_card_count":33460,"winners":"\"Joan Peck\"","min_margin":10773,"risk_limit":0.03000000,"audited_sample_count":0,"two_vote_over_count":0,"one_vote_over_count":0,"one_vote_under_count":0,"two_vote_under_count":0,"disagreement_count":0,"other_count":0,"gamma":1.03905000,"overstatements":0,"optimistic_samples_to_audit":81,"estimated_samples_to_audit":81},
{"contest_name":"City of Longmont Municipal Court Judge - Frick","audit_reason":"opportunistic_benefits","random_audit_status":"in_progress","winners_allowed":1,"ballot_card_count":119643,"contest_ballot_card_count":33460,"winners":"\"Yes/For\"","min_margin":10205,"risk_limit":0.03000000,"audited_sample_count":0,"two_vote_over_count":0,"one_vote_over_count":0,"one_vote_under_count":0,"two_vote_under_count":0,"disagreement_count":0,"other_count":0,"gamma":1.03905000,"overstatements":0,"optimistic_samples_to_audit":86,"estimated_samples_to_audit":86},
{"contest_name":"City of Louisville Ballot Issue 2C","audit_reason":"opportunistic_benefits","random_audit_status":"in_progress","winners_allowed":1,"ballot_card_count":119643,"contest_ballot_card_count":8688,"winners":"\"Yes/For\"","min_margin":3280,"risk_limit":0.03000000,"audited_sample_count":0,"two_vote_over_count":0,"one_vote_over_count":0,"one_vote_under_count":0,"two_vote_under_count":0,"disagreement_count":0,"other_count":0,"gamma":1.03905000,"overstatements":0,"optimistic_samples_to_audit":266,"estimated_samples_to_audit":266},
{"contest_name":"City of Louisville City Council Ward 1 (4-year term)","audit_reason":"opportunistic_benefits","random_audit_status":"not_auditable","winners_allowed":1,"ballot_card_count":119643,"contest_ballot_card_count":2590,"winners":"\"J. Caleb Dickinson\"","min_margin":0,"risk_limit":0.03000000,"audited_sample_count":0,"two_vote_over_count":0,"one_vote_over_count":0,"one_vote_under_count":0,"two_vote_under_count":0,"disagreement_count":0,"other_count":0,"gamma":1.03905000,"overstatements":0,"optimistic_samples_to_audit":0,"estimated_samples_to_audit":0},
{"contest_name":"City of Louisville City Council Ward 2 (4-year term)","audit_reason":"opportunistic_benefits","random_audit_status":"in_progress","winners_allowed":1,"ballot_card_count":119643,"contest_ballot_card_count":2925,"winners":"\"Deborah Fahey\"","min_margin":204,"risk_limit":0.03000000,"audited_sample_count":0,"two_vote_over_count":0,"one_vote_over_count":0,"one_vote_under_count":0,"two_vote_under_count":0,"disagreement_count":0,"other_count":0,"gamma":1.03905000,"overstatements":0,"optimistic_samples_to_audit":4274,"estimated_samples_to_audit":4274},
{"contest_name":"City of Louisville City Council Ward 3","audit_reason":"opportunistic_benefits","random_audit_status":"not_auditable","winners_allowed":2,"ballot_card_count":119643,"contest_ballot_card_count":3173,"winners":"\"Dietrich Hoefner\",\"Barbara Hamlington\"","min_margin":0,"risk_limit":0.03000000,"audited_sample_count":0,"two_vote_over_count":0,"one_vote_over_count":0,"one_vote_under_count":0,"two_vote_under_count":0,"disagreement_count":0,"other_count":0,"gamma":1.03905000,"overstatements":0,"optimistic_samples_to_audit":0,"estimated_samples_to_audit":0},
{"contest_name":"City of Louisville Mayor At-Large (4 Year Term)","audit_reason":"opportunistic_benefits","random_audit_status":"in_progress","winners_allowed":1,"ballot_card_count":119643,"contest_ballot_card_count":8688,"winners":"\"Chris Leh\"","min_margin":2602,"risk_limit":0.03000000,"audited_sample_count":0,"two_vote_over_count":0,"one_vote_over_count":0,"one_vote_under_count":0,"two_vote_under_count":0,"disagreement_count":0,"other_count":0,"gamma":1.03905000,"overstatements":0,"optimistic_samples_to_audit":336,"estimated_samples_to_audit":336},
{"contest_name":"Estes Park School District R-3 School Board Director At Large (4 Year)","audit_reason":"opportunistic_benefits","random_audit_status":"in_progress","winners_allowed":2,"ballot_card_count":119643,"contest_ballot_card_count":224,"winners":"\"Brad Shochat\",\"Brenda L. Wyss\"","min_margin":50,"risk_limit":0.03000000,"audited_sample_count":0,"two_vote_over_count":0,"one_vote_over_count":0,"one_vote_under_count":0,"two_vote_under_count":0,"disagreement_count":0,"other_count":0,"gamma":1.03905000,"overstatements":0,"optimistic_samples_to_audit":17437,"estimated_samples_to_audit":17437},
{"contest_name":"Kempsey Mayoral","audit_reason":"opportunistic_benefits","random_audit_status":"in_progress","winners_allowed":1,"ballot_card_count":17585,"contest_ballot_card_count":17585,"winners":"\"HAUVILLE Leo\"","min_margin":387,"risk_limit":0.03000000,"audited_sample_count":0,"two_vote_over_count":0,"one_vote_over_count":0,"one_vote_under_count":0,"two_vote_under_count":0,"disagreement_count":0,"other_count":0,"gamma":1.03905000,"overstatements":0,"optimistic_samples_to_audit":332,"estimated_samples_to_audit":332},
{"contest_name":"Nederland Eco Pass Public Improvement District Ballot Issue 6A","audit_reason":"opportunistic_benefits","random_audit_status":"in_progress","winners_allowed":1,"ballot_card_count":119643,"contest_ballot_card_count":1543,"winners":"\"Yes/For\"","min_margin":904,"risk_limit":0.03000000,"audited_sample_count":0,"two_vote_over_count":0,"one_vote_over_count":0,"one_vote_under_count":0,"two_vote_under_count":0,"disagreement_count":0,"other_count":0,"gamma":1.03905000,"overstatements":0,"optimistic_samples_to_audit":965,"estimated_samples_to_audit":965},
{"contest_name":"North Metro Fire Rescue District Ballot Issue 7A","audit_reason":"opportunistic_benefits","random_audit_status":"in_progress","winners_allowed":1,"ballot_card_count":119643,"contest_ballot_card_count":26,"winners":"\"Yes/For\"","min_margin":8,"risk_limit":0.03000000,"audited_sample_count":0,"two_vote_over_count":0,"one_vote_over_count":0,"one_vote_under_count":0,"two_vote_under_count":0,"disagreement_count":0,"other_count":0,"gamma":1.03905000,"overstatements":0,"optimistic_samples_to_audit":108980,"estimated_samples_to_audit":108980},
{"contest_name":"Proposition HH (Statutory)","audit_reason":"opportunistic_benefits","random_audit_status":"in_progress","winners_allowed":1,"ballot_card_count":119643,"contest_ballot_card_count":118525,"winners":"\"Yes/For\"","min_margin":20532,"risk_limit":0.03000000,"audited_sample_count":0,"two_vote_over_count":0,"one_vote_over_count":0,"one_vote_under_count":0,"two_vote_under_count":0,"disagreement_count":0,"other_count":0,"gamma":1.03905000,"overstatements":0,"optimistic_samples_to_audit":43,"estimated_samples_to_audit":43},
{"contest_name":"Proposition II (Statutory)","audit_reason":"opportunistic_benefits","random_audit_status":"in_progress","winners_allowed":1,"ballot_card_count":119643,"contest_ballot_card_count":118525,"winners":"\"Yes/For\"","min_margin":76013,"risk_limit":0.03000000,"audited_sample_count":0,"two_vote_over_count":0,"one_vote_over_count":0,"one_vote_under_count":0,"two_vote_under_count":0,"disagreement_count":0,"other_count":0,"gamma":1.03905000,"overstatements":0,"optimistic_samples_to_audit":12,"estimated_samples_to_audit":12},
{"contest_name":"Regent of the University of Colorado","audit_reason":"opportunistic_benefits","random_audit_status":"in_progress","winners_allowed":1,"ballot_card_count":568,"contest_ballot_card_count":330,"winners":"\"Clear Winner\"","min_margin":216,"risk_limit":0.03000000,"audited_sample_count":0,"two_vote_over_count":0,"one_vote_over_count":0,"one_vote_under_count":0,"two_vote_under_count":0,"disagreement_count":0,"other_count":0,"gamma":1.03905000,"overstatements":0,"optimistic_samples_to_audit":20,"estimated_samples_to_audit":20},
{"contest_name":"Thompson R2-J School District Board of Education Director District A (4 Year Term)","audit_reason":"opportunistic_benefits","random_audit_status":"in_progress","winners_allowed":1,"ballot_card_count":119643,"contest_ballot_card_count":12,"winners":"\"Dawn Kirk\"","min_margin":5,"risk_limit":0.03000000,"audited_sample_count":0,"two_vote_over_count":0,"one_vote_over_count":0,"one_vote_under_count":0,"two_vote_under_count":0,"disagreement_count":0,"other_count":0,"gamma":1.03905000,"overstatements":0,"optimistic_samples_to_audit":174368,"estimated_samples_to_audit":174368},
{"contest_name":"Thompson R2-J School District Board of Education Director District C (4 Year Term)","audit_reason":"opportunistic_benefits","random_audit_status":"in_progress","winners_allowed":1,"ballot_card_count":119643,"contest_ballot_card_count":12,"winners":"\"Briah Freeman\"","min_margin":7,"risk_limit":0.03000000,"audited_sample_count":0,"two_vote_over_count":0,"one_vote_over_count":0,"one_vote_under_count":0,"two_vote_under_count":0,"disagreement_count":0,"other_count":0,"gamma":1.03905000,"overstatements":0,"optimistic_samples_to_audit":124548,"estimated_samples_to_audit":124548},
{"contest_name":"Thompson R2-J School District Board of Education Director District D (4 Year Term)","audit_reason":"opportunistic_benefits","random_audit_status":"in_progress","winners_allowed":1,"ballot_card_count":119643,"contest_ballot_card_count":12,"winners":"\"Denise Alvine Chapman\"","min_margin":5,"risk_limit":0.03000000,"audited_sample_count":0,"two_vote_over_count":0,"one_vote_over_count":0,"one_vote_under_count":0,"two_vote_under_count":0,"disagreement_count":0,"other_count":0,"gamma":1.03905000,"overstatements":0,"optimistic_samples_to_audit":174368,"estimated_samples_to_audit":174368},
{"contest_name":"Thompson R2-J School District Board of Education Director District G (4 Year Term)","audit_reason":"opportunistic_benefits","random_audit_status":"in_progress","winners_allowed":1,"ballot_card_count":119643,"contest_ballot_card_count":12,"winners":"\"Stu Boyd\"","min_margin":4,"risk_limit":0.03000000,"audited_sample_count":0,"two_vote_over_count":0,"one_vote_over_count":0,"one_vote_under_count":0,"two_vote_under_count":0,"disagreement_count":0,"other_count":0,"gamma":1.03905000,"overstatements":0,"optimistic_samples_to_audit":217959,"estimated_samples_to_audit":217959},
{"contest_name":"Tied_IRV","audit_reason":"opportunistic_benefits","random_audit_status":"not_auditable","winners_allowed":1,"ballot_card_count":284,"contest_ballot_card_count":10,"winners":"\"\"","min_margin":0,"risk_limit":0.03000000,"audited_sample_count":0,"two_vote_over_count":0,"one_vote_over_count":0,"one_vote_under_count":0,"two_vote_under_count":0,"disagreement_count":0,"other_count":0,"gamma":1.03905000,"overstatements":0,"optimistic_samples_to_audit":0,"estimated_samples_to_audit":0},
{"contest_name":"Town of Erie Ballot Question 3A","audit_reason":"opportunistic_benefits","random_audit_status":"in_progress","winners_allowed":1,"ballot_card_count":119643,"contest_ballot_card_count":5281,"winners":"\"Yes/For\"","min_margin":1162,"risk_limit":0.03000000,"audited_sample_count":0,"two_vote_over_count":0,"one_vote_over_count":0,"one_vote_under_count":0,"two_vote_under_count":0,"disagreement_count":0,"other_count":0,"gamma":1.03905000,"overstatements":0,"optimistic_samples_to_audit":751,"estimated_samples_to_audit":751},
{"contest_name":"Town of Erie Ballot Question 3B","audit_reason":"opportunistic_benefits","random_audit_status":"in_progress","winners_allowed":1,"ballot_card_count":119643,"contest_ballot_card_count":5281,"winners":"\"Yes/For\"","min_margin":846,"risk_limit":0.03000000,"audited_sample_count":0,"two_vote_over_count":0,"one_vote_over_count":0,"one_vote_under_count":0,"two_vote_under_count":0,"disagreement_count":0,"other_count":0,"gamma":1.03905000,"overstatements":0,"optimistic_samples_to_audit":1031,"estimated_samples_to_audit":1031},
{"contest_name":"Town of Superior Ballot Question 301","audit_reason":"opportunistic_benefits","random_audit_status":"in_progress","winners_allowed":1,"ballot_card_count":119643,"contest_ballot_card_count":4058,"winners":"\"Yes/For\"","min_margin":942,"risk_limit":0.03000000,"audited_sample_count":0,"two_vote_over_count":0,"one_vote_over_count":0,"one_vote_under_count":0,"two_vote_under_count":0,"disagreement_count":0,"other_count":0,"gamma":1.03905000,"overstatements":0,"optimistic_samples_to_audit":926,"estimated_samples_to_audit":926},
{"contest_name":"Town of Superior - Home Rule Charter Commission","audit_reason":"opportunistic_benefits","random_audit_status":"in_progress","winners_allowed":9,"ballot_card_count":119643,"contest_ballot_card_count":4058,"winners":"\"Ryan Hitchler\",\"Heather Cracraft\",\"Claire Dixon\",\"Dalton Valette\",\"Chris Hanson\",\"Ryan Welch\",\"Mike Foster\",\"Clint Folsom\",\"Jeff Chu\"","min_margin":46,"risk_limit":0.03000000,"audited_sample_count":0,"two_vote_over_count":0,"one_vote_over_count":0,"one_vote_under_count":0,"two_vote_under_count":0,"disagreement_count":0,"other_count":0,"gamma":1.03905000,"overstatements":0,"optimistic_samples_to_audit":18953,"estimated_samples_to_audit":18953}]