county,contest,record_type,cvr_number,imprinted_id,raw_vote,valid_interpretation
Boulder,City of Boulder Mayoral,UPLOADED,140,108-1-32,"""Bob Yates(1)"",""Bob Yates(2)"",""Bob Yates(3)"",""Bob Yates(4)""","""Bob Yates"""
Boulder,City of Boulder Mayoral,UPLOADED,143,108-1-33,"""Bob Yates(1)"",""Bob Yates(2)"",""Bob Yates(3)"",""Bob Yates(4)""","""Bob Yates"""
Boulder,City of Boulder Mayoral,UPLOADED,584,108-2-25,"""Bob Yates(1)"",""Bob Yates(2)"",""Bob Yates(3)"",""Bob Yates(4)""","""Bob Yates"""
Boulder,City of Boulder Mayoral,UPLOADED,585,108-2-126,"""Bob Yates(1)"",""Bob Yates(2)"",""Bob Yates(3)"",""Bob Yates(4)""","""Bob Yates"""
Boulder,City of Boulder Mayoral,UPLOADED,587,108-2-125,"""Bob Yates(1)"",""Bob Yates(2)"",""Bob Yates(3)""","""Bob Yates"""
Boulder,City of Boulder Mayoral,UPLOADED,1179,102-3-51,"""Bob Yates(1)"",""Bob Yates(2)"",""Bob Yates(3)"",""Bob Yates(4)""","""Bob Yates"""
Boulder,City of Boulder Mayoral,UPLOADED,1180,102-3-49,"""Bob Yates(1)"",""Bob Yates(2)"",""Bob Yates(3)"",""Bob Yates(4)""","""Bob Yates"""
Boulder,City of Boulder Mayoral,UPLOADED,1183,102-3-79,"""Bob Yates(1)"",""Aaron Brockett(4)"",""Nicole Speer(4)"",""Paul Tweedlie(4)""","""Bob Yates"""
Boulder,City of Boulder Mayoral,UPLOADED,1332,108-3-20,"""Bob Yates(1)"",""Nicole Speer(2)"",""Aaron Brockett(3)"",""Bob Yates(4)""","""Bob Yates"",""Nicole Speer"",""Aaron Brockett"""
Boulder,City of Boulder Mayoral,UPLOADED,1334,108-3-9,"""Paul Tweedlie(1)"",""Nicole Speer(4)""","""Paul Tweedlie"""
Boulder,City of Boulder Mayoral,UPLOADED,1616,101-4-149,"""Aaron Brockett(1)"",""Aaron Brockett(2)"",""Aaron Brockett(3)"",""Aaron Brockett(4)""","""Aaron Brockett"""
Boulder,City of Boulder Mayoral,UPLOADED,1617,101-4-135,"""Aaron Brockett(1)"",""Nicole Speer(2)"",""Paul Tweedlie(3)"",""Paul Tweedlie(4)""","""Aaron Brockett"",""Nicole Speer"",""Paul Tweedlie"""
Boulder,City of Boulder Mayoral,UPLOADED,1620,101-4-22,"""Bob Yates(1)"",""Bob Yates(2)"",""Bob Yates(3)"",""Bob Yates(4)""","""Bob Yates"""
Boulder,City of Boulder Mayoral,UPLOADED,1622,101-4-85,"""Bob Yates(1)"",""Nicole Speer(4)""","""Bob Yates"""
Boulder,City of Boulder Mayoral,UPLOADED,1624,101-4-43,"""Aaron Brockett(1)"",""Nicole Speer(2)"",""Bob Yates(4)"",""Paul Tweedlie(4)""","""Aaron Brockett"",""Nicole Speer"""
Boulder,City of Boulder Mayoral,UPLOADED,1629,101-4-104,"""Bob Yates(1)"",""Bob Yates(2)"",""Bob Yates(3)"",""Bob Yates(4)""","""Bob Yates"""
Boulder,City of Boulder Mayoral,UPLOADED,1777,110-1-39,"""Aaron Brockett(1)"",""Nicole Speer(1)""",""
Boulder,City of Boulder Mayoral,UPLOADED,3701,101-8-54,"""Bob Yates(1)"",""Bob Yates(2)"",""Bob Yates(3)"",""Bob Yates(4)""","""Bob Yates"""
Boulder,City of Boulder Mayoral,UPLOADED,3702,101-8-139,"""Aaron Brockett(1)"",""Nicole Speer(2)"",""Aaron Brockett(3)"",""Paul Tweedlie(4)""","""Aaron Brockett"",""Nicole Speer"""
Boulder,City of Boulder Mayoral,UPLOADED,3703,101-8-136,"""Nicole Speer(1)"",""Aaron Brockett(2)"",""Bob Yates(4)""","""Nicole Speer"",""Aaron Brockett"""
Boulder,City of Boulder Mayoral,UPLOADED,3705,101-8-98,"""Nicole Speer(1)"",""Aaron Brockett(2)"",""Paul Tweedlie(2)"",""Bob Yates(4)""","""Nicole Speer"""
Boulder,City of Boulder Mayoral,UPLOADED,3707,101-8-122,"""Aaron Brockett(1)"",""Bob Yates(1)"",""Paul Tweedlie(1)""",""
Boulder,City of Boulder Mayoral,UPLOADED,3996,102-7-40,"""Nicole Speer(1)"",""Paul Tweedlie(2)"",""Paul Tweedlie(3)"",""Aaron Brockett(4)""","""Nicole Speer"",""Paul Tweedlie"""
Boulder,City of Boulder Mayoral,UPLOADED,3998,102-7-86,"""Bob Yates(1)"",""Nicole Speer(2)"",""Aaron Brockett(3)"",""Aaron Brockett(4)""","""Bob Yates"",""Nicole Speer"",""Aaron Brockett"""
Boulder,City of Boulder Mayoral,UPLOADED,3999,102-7-81,"""Aaron Brockett(1)"",""Aaron Brockett(2)"",""Nicole Speer(3)"",""Paul Tweedlie(4)""","""Aaron Brockett"""
Boulder,City of Boulder Mayoral,UPLOADED,4436,110-3-23,"""Bob Yates(1)"",""Nicole Speer(2)"",""Aaron Brockett(3)"",""Aaron Brockett(4)""","""Bob Yates"",""Nicole Speer"",""Aaron Brockett"""
Boulder,City of Boulder Mayoral,UPLOADED,4440,110-3-86,"""Paul Tweedlie(1)"",""Paul Tweedlie(2)"",""Paul Tweedlie(3)"",""Paul Tweedlie(4)""","""Paul Tweedlie"""
Boulder,City of Boulder Mayoral,UPLOADED,4442,110-3-132,"""Bob Yates(1)"",""Bob Yates(2)"",""Bob Yates(3)"",""Bob Yates(4)""","""Bob Yates"""
Boulder,City of Boulder Mayoral,UPLOADED,4443,110-3-65,"""Bob Yates(1)"",""Bob Yates(2)"",""Bob Yates(3)"",""Bob Yates(4)""","""Bob Yates"""
Boulder,City of Boulder Mayoral,UPLOADED,4883,106-3-70,"""Bob Yates(1)"",""Paul Tweedlie(1)""",""
Boulder,City of Boulder Mayoral,UPLOADED,4884,106-3-78,"""Aaron Brockett(1)"",""Bob Yates(4)""","""Aaron Brockett"""
Boulder,City of Boulder Mayoral,UPLOADED,5175,103-2-40,"""Bob Yates(1)"",""Bob Yates(2)"",""Bob Yates(3)"",""Bob Yates(4)""","""Bob Yates"""
Boulder,City of Boulder Mayoral,UPLOADED,5179,103-2-134,"""Bob Yates(1)"",""Bob Yates(2)"",""Bob Yates(3)"",""Bob Yates(4)""","""Bob Yates"""
Boulder,City of Boulder Mayoral,UPLOADED,5473,110-4-43,"""Bob Yates(1)"",""Bob Yates(2)"",""Bob Yates(3)"",""Bob Yates(4)""","""Bob Yates"""
Boulder,City of Boulder Mayoral,UPLOADED,5476,110-4-120,"""Bob Yates(1)"",""Paul Tweedlie(4)""","""Bob Yates"""
Boulder,City of Boulder Mayoral,UPLOADED,5477,110-4-27,"""Aaron Brockett(1)"",""Nicole Speer(2)"",""Aaron Brockett(3)"",""Nicole Speer(4)""","""Aaron Brockett"",""Nicole Speer"""
Boulder,City of Boulder Mayoral,UPLOADED,8327,101-17-76,"""Bob Yates(1)"",""Aaron Brockett(2)"",""Paul Tweedlie(4)""","""Bob Yates"",""Aaron Brockett"""
Boulder,City of Boulder Mayoral,UPLOADED,9514,102-18-94,"""Nicole Speer(1)"",""Aaron Brockett(2)"",""Nicole Speer(3)""","""Nicole Speer"",""Aaron Brockett"""
Boulder,City of Boulder Mayoral,UPLOADED,9518,102-18-33,"""Bob Yates(1)"",""Bob Yates(2)"",""Aaron Brockett(3)""","""Bob Yates"""
Boulder,City of Boulder Mayoral,UPLOADED,11302,108-11-15,"""Aaron Brockett(1)"",""Nicole Speer(2)"",""Aaron Brockett(3)"",""Aaron Brockett(4)""","""Aaron Brockett"",""Nicole Speer"""
Boulder,City of Boulder Mayoral,UPLOADED,11304,108-11-41,"""Aaron Brockett(1)"",""Bob Yates(2)"",""Nicole Speer(3)"",""Bob Yates(4)""","""Aaron Brockett"",""Bob Yates"",""Nicole Speer"""
Boulder,City of Boulder Mayoral,UPLOADED,12196,108-12-102,"""Bob Yates(1)"",""Bob Yates(2)"",""Bob Yates(3)"",""Bob Yates(4)""","""Bob Yates"""
Boulder,City of Boulder Mayoral,UPLOADED,12198,108-12-79,"""Bob Yates(1)"",""Aaron Brockett(2)"",""Bob Yates(3)"",""Paul Tweedlie(4)""","""Bob Yates"",""Aaron Brockett"""
Boulder,City of Boulder Mayoral,UPLOADED,12199,108-12-85,"""Bob Yates(1)"",""Bob Yates(2)"",""Bob Yates(3)"",""Bob Yates(4)""","""Bob Yates"""
Boulder,City of Boulder Mayoral,UPLOADED,12642,104-9-22,"""Paul Tweedlie(1)"",""Paul Tweedlie(2)"",""Paul Tweedlie(3)"",""Paul Tweedlie(4)""","""Paul Tweedlie"""
Boulder,City of Boulder Mayoral,UPLOADED,12644,104-9-74,"""Nicole Speer(1)"",""Nicole Speer(2)"",""Nicole Speer(3)"",""Nicole Speer(4)""","""Nicole Speer"""
Boulder,City of Boulder Mayoral,UPLOADED,12645,104-9-21,"""Bob Yates(1)"",""Bob Yates(2)"",""Bob Yates(3)"",""Bob Yates(4)""","""Bob Yates"""
Boulder,City of Boulder Mayoral,UPLOADED,12646,104-9-127,"""Bob Yates(1)"",""Aaron Brockett(2)"",""Bob Yates(3)"",""Paul Tweedlie(4)""","""Bob Yates"",""Aaron Brockett"""
Boulder,City of Boulder Mayoral,UPLOADED,12787,104-10-78,"""Bob Yates(1)"",""Nicole Speer(4)""","""Bob Yates"""
Boulder,City of Boulder Mayoral,UPLOADED,12789,104-10-140,"""Paul Tweedlie(1)"",""Aaron Brockett(4)""","""Paul Tweedlie"""
Boulder,City of Boulder Mayoral,UPLOADED,13069,101-23-43,"""Bob Yates(1)"",""Bob Yates(2)"",""Bob Yates(3)"",""Bob Yates(4)""","""Bob Yates"""
Boulder,City of Boulder Mayoral,UPLOADED,13070,101-23-121,"""Aaron Brockett(1)"",""Nicole Speer(1)"",""Bob Yates(1)"",""Paul Tweedlie(1)"",""Nicole Speer(2)"",""Bob Yates(3)"",""Aaron Brockett(4)""",""
Boulder,City of Boulder Mayoral,UPLOADED,13071,101-23-41,"""Aaron Brockett(1)"",""Nicole Speer(2)"",""Bob Yates(2)"",""Bob Yates(3)"",""Paul Tweedlie(4)""","""Aaron Brockett"""
Boulder,City of Boulder Mayoral,UPLOADED,13073,101-23-9,"""Bob Yates(3)"",""Paul Tweedlie(4)""",""
Boulder,City of Boulder Mayoral,UPLOADED,13516,101-24-13,"""Bob Yates(1)"",""Aaron Brockett(2)"",""Bob Yates(3)"",""Paul Tweedlie(4)""","""Bob Yates"",""Aaron Brockett"""
Boulder,City of Boulder Mayoral,UPLOADED,13518,101-24-22,"""Bob Yates(1)"",""Paul Tweedlie(4)""","""Bob Yates"""
Boulder,City of Boulder Mayoral,UPLOADED,13521,101-24-12,"""Bob Yates(1)"",""Aaron Brockett(2)"",""Bob Yates(3)"",""Paul Tweedlie(4)""","""Bob Yates"",""Aaron Brockett"""
Boulder,City of Boulder Mayoral,UPLOADED,14555,101-26-56,"""Bob Yates(1)"",""Bob Yates(2)"",""Bob Yates(3)"",""Bob Yates(4)""","""Bob Yates"""
Boulder,City of Boulder Mayoral,UPLOADED,14556,101-26-57,"""Bob Yates(1)"",""Bob Yates(2)"",""Bob Yates(3)"",""Bob Yates(4)""","""Bob Yates"""
Boulder,City of Boulder Mayoral,UPLOADED,14557,101-26-102,"""Bob Yates(1)"",""Bob Yates(2)"",""Bob Yates(3)"",""Bob Yates(4)""","""Bob Yates"""
Boulder,City of Boulder Mayoral,UPLOADED,14562,101-26-27,"""Bob Yates(1)"",""Bob Yates(2)"",""Bob Yates(3)"",""Bob Yates(4)""","""Bob Yates"""
Boulder,City of Boulder Mayoral,UPLOADED,14860,101-27-76,"""Bob Yates(1)"",""Aaron Brockett(2)"",""Paul Tweedlie(3)"",""Paul Tweedlie(4)""","""Bob Yates"",""Aaron Brockett"",""Paul Tweedlie"""
Boulder,City of Boulder Mayoral,UPLOADED,14861,101-27-4,"""Bob Yates(1)"",""Bob Yates(2)"",""Bob Yates(3)"",""Bob Yates(4)""","""Bob Yates"""
Boulder,City of Boulder Mayoral,UPLOADED,15904,108-14-127,"""Bob Yates(1)"",""Bob Yates(2)"",""Bob Yates(3)"",""Bob Yates(4)""","""Bob Yates"""
Boulder,City of Boulder Mayoral,UPLOADED,16200,102-30-10,"""Bob Yates(1)"",""Aaron Brockett(4)""","""Bob Yates"""
Boulder,City of Boulder Mayoral,UPLOADED,16202,102-30-73,"""Bob Yates(1)"",""Bob Yates(2)"",""Bob Yates(3)"",""Bob Yates(4)""","""Bob Yates"""
Boulder,City of Boulder Mayoral,UPLOADED,16206,102-30-74,"""Bob Yates(1)"",""Bob Yates(2)"",""Bob Yates(3)"",""Bob Yates(4)""","""Bob Yates"""
Boulder,City of Boulder Mayoral,UPLOADED,16649,108-15-101,"""Bob Yates(1)"",""Paul Tweedlie(2)"",""Aaron Brockett(3)"",""Paul Tweedlie(4)""","""Bob Yates"",""Paul Tweedlie"",""Aaron Brockett"""
Boulder,City of Boulder Mayoral,UPLOADED,16651,108-15-49,"""Bob Yates(1)"",""Bob Yates(2)"",""Bob Yates(3)"",""Bob Yates(4)""","""Bob Yates"""
Boulder,City of Boulder Mayoral,UPLOADED,16652,108-15-48,"""Bob Yates(1)"",""Nicole Speer(2)"",""Paul Tweedlie(3)"",""Paul Tweedlie(4)""","""Bob Yates"",""Nicole Speer"",""Paul Tweedlie"""
Boulder,City of Boulder Mayoral,UPLOADED,16654,108-15-26,"""Aaron Brockett(1)"",""Nicole Speer(1)"",""Nicole Speer(2)""",""
Boulder,City of Boulder Mayoral,UPLOADED,17245,102-31-91,"""Bob Yates(1)"",""Aaron Brockett(2)"",""Bob Yates(3)""","""Bob Yates"",""Aaron Brockett"""
Boulder,City of Boulder Mayoral,UPLOADED,17246,102-31-73,"""Bob Yates(1)"",""Nicole Speer(2)"",""Bob Yates(3)"",""Paul Tweedlie(4)""","""Bob Yates"",""Nicole Speer"""
Boulder,City of Boulder Mayoral,UPLOADED,17247,102-31-27,"""Bob Yates(1)"",""Bob Yates(2)"",""Bob Yates(3)"",""Bob Yates(4)""","""Bob Yates"""
Boulder,City of Boulder Mayoral,UPLOADED,17249,102-31-129,"""Bob Yates(1)"",""Aaron Brockett(4)""","""Bob Yates"""
Boulder,City of Boulder Mayoral,UPLOADED,17251,102-31-33,"""Bob Yates(1)"",""Aaron Brockett(4)""","""Bob Yates"""
Boulder,City of Boulder Mayoral,UPLOADED,17252,102-31-137,"""Aaron Brockett(1)"",""Nicole Speer(2)"",""Bob Yates(4)""","""Aaron Brockett"",""Nicole Speer"""
Boulder,City of Boulder Mayoral,UPLOADED,17846,102-32-112,"""Nicole Speer(1)"",""Aaron Brockett(2)"",""Paul Tweedlie(2)"",""Bob Yates(3)"",""Paul Tweedlie(4)""","""Nicole Speer"""
Boulder,City of Boulder Mayoral,UPLOADED,17985,101-30-74,"""Aaron Brockett(1)"",""Nicole Speer(3)""","""Aaron Brockett"""
Boulder,City of Boulder Mayoral,UPLOADED,17987,101-30-101,"""Aaron Brockett(1)"",""Nicole Speer(3)""","""Aaron Brockett"""
Boulder,City of Boulder Mayoral,UPLOADED,17988,101-30-143,"""Bob Yates(1)"",""Bob Yates(2)"",""Bob Yates(3)"",""Bob Yates(4)""","""Bob Yates"""
Boulder,City of Boulder Mayoral,UPLOADED,17992,101-30-37,"""Bob Yates(1)"",""Paul Tweedlie(3)"",""Aaron Brockett(4)""","""Bob Yates"""
Boulder,City of Boulder Mayoral,UPLOADED,18431,103-15-56,"""Aaron Brockett(1)"",""Nicole Speer(2)"",""Bob Yates(4)""","""Aaron Brockett"",""Nicole Speer"""
Boulder,City of Boulder Mayoral,UPLOADED,18435,103-15-129,"""Bob Yates(2)"",""Paul Tweedlie(3)"",""Nicole Speer(4)""",""
Boulder,City of Boulder Mayoral,UPLOADED,18437,103-15-32,"""Aaron Brockett(1)"",""Bob Yates(3)"",""Paul Tweedlie(4)""","""Aaron Brockett"""
Boulder,City of Boulder Mayoral,UPLOADED,18438,103-15-86,"""Bob Yates(1)"",""Bob Yates(2)"",""Bob Yates(3)"",""Nicole Speer(4)""","""Bob Yates"""
Boulder,City of Boulder Mayoral,UPLOADED,18440,103-15-147,"""Bob Yates(1)"",""Paul Tweedlie(2)"",""Bob Yates(3)"",""Aaron Brockett(4)""","""Bob Yates"",""Paul Tweedlie"""
Boulder,City of Boulder Mayoral,UPLOADED,18586,102-34-112,"""Bob Yates(1)"",""Bob Yates(2)""","""Bob Yates"""
Boulder,City of Boulder Mayoral,UPLOADED,18587,102-34-108,"""Bob Yates(1)"",""Aaron Brockett(2)"",""Bob Yates(3)""","""Bob Yates"",""Aaron Brockett"""
Boulder,City of Boulder Mayoral,UPLOADED,19030,101-32-81,"""Bob Yates(1)"",""Aaron Brockett(4)""","""Bob Yates"""
Boulder,City of Boulder Mayoral,UPLOADED,19031,101-32-91,"""Bob Yates(1)"",""Bob Yates(2)"",""Bob Yates(3)"",""Bob Yates(4)""","""Bob Yates"""
Boulder,City of Boulder Mayoral,UPLOADED,19034,101-32-145,"""Nicole Speer(1)"",""Aaron Brockett(2)"",""Bob Yates(2)"",""Bob Yates(3)""","""Nicole Speer"""
Boulder,City of Boulder Mayoral,UPLOADED,19179,102-36-107,"""Bob Yates(1)"",""Aaron Brockett(2)"",""Bob Yates(3)""","""Bob Yates"",""Aaron Brockett"""
Boulder,City of Boulder Mayoral,UPLOADED,19180,102-36-60,"""Bob Yates(1)"",""Paul Tweedlie(2)"",""Bob Yates(3)"",""Aaron Brockett(4)"",""Nicole Speer(4)""","""Bob Yates"",""Paul Tweedlie"""
Boulder,City of Boulder Mayoral,UPLOADED,19183,102-36-43,"""Nicole Speer(1)"",""Aaron Brockett(2)"",""Nicole Speer(3)"",""Paul Tweedlie(4)""","""Nicole Speer"",""Aaron Brockett"""
Boulder,City of Boulder Mayoral,UPLOADED,19184,102-36-93,"""Bob Yates(1)"",""Paul Tweedlie(2)"",""Bob Yates(3)"",""Aaron Brockett(4)""","""Bob Yates"",""Paul Tweedlie"""
Boulder,City of Boulder Mayoral,UPLOADED,19649,102-37-107,"""Bob Yates(1)"",""Bob Yates(2)"",""Bob Yates(3)"",""Bob Yates(4)""","""Bob Yates"""
Boulder,City of Boulder Mayoral,UPLOADED,19958,107-1-92,"""Aaron Brockett(1)"",""Bob Yates(2)"",""Paul Tweedlie(3)"",""Aaron Brockett(4)""","""Aaron Brockett"",""Bob Yates"",""Paul Tweedlie"""
Boulder,City of Boulder Mayoral,UPLOADED,20255,103-16-73,"""Bob Yates(1)"",""Aaron Brockett(4)""","""Bob Yates"""
Boulder,City of Boulder Mayoral,UPLOADED,20259,103-16-58,"""Bob Yates(1)"",""Aaron Brockett(2)"",""Bob Yates(3)""","""Bob Yates"",""Aaron Brockett"""
Boulder,City of Boulder Mayoral,UPLOADED,20397,110-5-131,"""Aaron Brockett(1)"",""Bob Yates(4)""","""Aaron Brockett"""
Boulder,City of Boulder Mayoral,UPLOADED,20400,110-5-130,"""Aaron Brockett(1)"",""Bob Yates(4)""","""Aaron Brockett"""
Boulder,City of Boulder Mayoral,UPLOADED,20406,110-5-77,"""Bob Yates(1)"",""Aaron Brockett(4)""","""Bob Yates"""
Boulder,City of Boulder Mayoral,UPLOADED,20849,102-39-72,"""Aaron Brockett(1)"",""Nicole Speer(2)"",""Aaron Brockett(3)"",""Bob Yates(4)"",""Paul Tweedlie(4)""","""Aaron Brockett"",""Nicole Speer"""
Boulder,City of Boulder Mayoral,UPLOADED,20851,102-39-128,"""Bob Yates(1)"",""Bob Yates(2)""","""Bob Yates"""
Boulder,City of Boulder Mayoral,UPLOADED,20852,102-39-116,"""Aaron Brockett(1)"",""Nicole Speer(1)"",""Bob Yates(1)"",""Paul Tweedlie(1)"",""Aaron Brockett(2)"",""Nicole Speer(2)"",""Bob Yates(2)"",""Paul Tweedlie(2)"",""Aaron Brockett(3)"",""Nicole Speer(3)"",""Bob Yates(3)"",""Paul Tweedlie(3)"",""Aaron Brockett(4)"",""Nicole Speer(4)"",""Bob Yates(4)"",""Paul Tweedlie(4)""",""
Boulder,City of Boulder Mayoral,UPLOADED,21592,107-2-9,"""Nicole Speer(1)"",""Nicole Speer(2)"",""Nicole Speer(3)""","""Nicole Speer"""
Boulder,City of Boulder Mayoral,UPLOADED,21593,107-2-44,"""Nicole Speer(1)"",""Aaron Brockett(4)"",""Bob Yates(4)"",""Paul Tweedlie(4)""","""Nicole Speer"""
Boulder,City of Boulder Mayoral,UPLOADED,21738,106-8-119,"""Bob Yates(1)"",""Bob Yates(2)"",""Bob Yates(3)"",""Bob Yates(4)""","""Bob Yates"""
Boulder,City of Boulder Mayoral,UPLOADED,21739,106-8-118,"""Bob Yates(1)"",""Bob Yates(2)"",""Bob Yates(3)"",""Bob Yates(4)""","""Bob Yates"""
Boulder,City of Boulder Mayoral,UPLOADED,21741,106-8-121,"""Aaron Brockett(1)"",""Nicole Speer(2)"",""Bob Yates(4)"",""Paul Tweedlie(4)""","""Aaron Brockett"",""Nicole Speer"""
Boulder,City of Boulder Mayoral,UPLOADED,21743,106-8-116,"""Aaron Brockett(1)"",""Bob Yates(2)"",""Nicole Speer(3)"",""Aaron Brockett(4)""","""Aaron Brockett"",""Bob Yates"",""Nicole Speer"""
Boulder,City of Boulder Mayoral,UPLOADED,24130,108-23-117,"""Aaron Brockett(1)"",""Nicole Speer(2)"",""Nicole Speer(3)"",""Nicole Speer(4)""","""Aaron Brockett"",""Nicole Speer"""
Boulder,City of Boulder Mayoral,UPLOADED,24571,103-21-2,"""Aaron Brockett(1)"",""Nicole Speer(2)"",""Paul Tweedlie(4)""","""Aaron Brockett"",""Nicole Speer"""
Boulder,City of Boulder Mayoral,UPLOADED,24574,103-21-137,"""Aaron Brockett(1)"",""Aaron Brockett(2)"",""Aaron Brockett(3)"",""Aaron Brockett(4)""","""Aaron Brockett"""
Boulder,City of Boulder Mayoral,UPLOADED,26207,101-41-22,"""Bob Yates(1)"",""Bob Yates(2)"",""Bob Yates(3)"",""Bob Yates(4)""","""Bob Yates"""
Boulder,City of Boulder Mayoral,UPLOADED,26211,101-41-16,"""Aaron Brockett(1)"",""Nicole Speer(1)""",""
Boulder,City of Boulder Mayoral,UPLOADED,26212,101-41-90,"""Aaron Brockett(1)"",""Nicole Speer(2)"",""Paul Tweedlie(4)""","""Aaron Brockett"",""Nicole Speer"""
Boulder,City of Boulder Mayoral,UPLOADED,26502,102-48-55,"""Aaron Brockett(1)"",""Nicole Speer(2)"",""Bob Yates(4)""","""Aaron Brockett"",""Nicole Speer"""
Boulder,City of Boulder Mayoral,UPLOADED,26505,102-48-37,"""Nicole Speer(1)"",""Bob Yates(2)"",""Aaron Brockett(4)""","""Nicole Speer"",""Bob Yates"""
Boulder,City of Boulder Mayoral,UPLOADED,26509,102-48-109,"""Bob Yates(1)"",""Bob Yates(2)"",""Bob Yates(3)"",""Bob Yates(4)""","""Bob Yates"""
Boulder,City of Boulder Mayoral,UPLOADED,26952,105-20-83,"""Bob Yates(1)"",""Bob Yates(2)"",""Bob Yates(3)"",""Bob Yates(4)""","""Bob Yates"""
Boulder,City of Boulder Mayoral,UPLOADED,26953,105-20-66,"""Bob Yates(1)"",""Bob Yates(2)"",""Bob Yates(3)"",""Bob Yates(4)""","""Bob Yates"""
Boulder,City of Boulder Mayoral,UPLOADED,27400,102-50-36,"""Aaron Brockett(1)"",""Aaron Brockett(2)"",""Aaron Brockett(3)"",""Aaron Brockett(4)""","""Aaron Brockett"""
Boulder,City of Boulder Mayoral,UPLOADED,27402,102-50-35,"""Aaron Brockett(1)"",""Aaron Brockett(2)"",""Aaron Brockett(3)"",""Aaron Brockett(4)""","""Aaron Brockett"""
Boulder,City of Boulder Mayoral,UPLOADED,27406,102-50-150,"""Bob Yates(1)"",""Paul Tweedlie(1)""",""
Boulder,City of Boulder Mayoral,UPLOADED,27803,108-26-40,"""Bob Yates(1)"",""Paul Tweedlie(4)""","""Bob Yates"""
Boulder,City of Boulder Mayoral,UPLOADED,27952,102-51-96,"""Aaron Brockett(1)"",""Nicole Speer(1)"",""Bob Yates(4)"",""Paul Tweedlie(4)""",""
Boulder,City of Boulder Mayoral,UPLOADED,29885,103-26-5,"""Bob Yates(1)"",""Bob Yates(2)"",""Bob Yates(3)"",""Bob Yates(4)""","""Bob Yates"""
Boulder,City of Boulder Mayoral,UPLOADED,29886,103-26-42,"""Aaron Brockett(1)"",""Nicole Speer(2)"",""Bob Yates(4)""","""Aaron Brockett"",""Nicole Speer"""
Boulder,City of Boulder Mayoral,UPLOADED,30029,104-13-40,"""Bob Yates(1)"",""Paul Tweedlie(2)"",""Aaron Brockett(4)""","""Bob Yates"",""Paul Tweedlie"""
Boulder,City of Boulder Mayoral,UPLOADED,30031,104-13-65,"""Aaron Brockett(1)"",""Nicole Speer(2)"",""Paul Tweedlie(4)""","""Aaron Brockett"",""Nicole Speer"""
Boulder,City of Boulder Mayoral,UPLOADED,30033,104-13-135,"""Bob Yates(1)"",""Bob Yates(2)"",""Bob Yates(3)"",""Bob Yates(4)""","""Bob Yates"""
Boulder,City of Boulder Mayoral,UPLOADED,30034,104-13-123,"""Bob Yates(1)"",""Bob Yates(2)"",""Aaron Brockett(3)"",""Aaron Brockett(4)""","""Bob Yates"""
Boulder,City of Boulder Mayoral,UPLOADED,31825,103-28-65,"""Bob Yates(1)"",""Aaron Brockett(2)"",""Nicole Speer(4)""","""Bob Yates"",""Aaron Brockett"""
Boulder,City of Boulder Mayoral,UPLOADED,31829,103-28-84,"""Nicole Speer(1)"",""Bob Yates(4)""","""Nicole Speer"""
Boulder,City of Boulder Mayoral,UPLOADED,31830,103-28-1,"""Aaron Brockett(4)"",""Nicole Speer(4)"",""Bob Yates(4)"",""Paul Tweedlie(4)""",""
Boulder,City of Boulder Mayoral,UPLOADED,31981,102-60-5,"""Aaron Brockett(4)""",""
Boulder,City of Boulder Mayoral,UPLOADED,32867,101-53-31,"""Bob Yates(1)"",""Bob Yates(2)"",""Bob Yates(3)"",""Bob Yates(4)""","""Bob Yates"""
Boulder,City of Boulder Mayoral,UPLOADED,32869,101-53-88,"""Aaron Brockett(1)"",""Nicole Speer(2)"",""Bob Yates(4)""","""Aaron Brockett"",""Nicole Speer"""
Boulder,City of Boulder Mayoral,UPLOADED,33310,105-27-29,"""Nicole Speer(1)"",""Aaron Brockett(2)"",""Paul Tweedlie(3)"",""Paul Tweedlie(4)""","""Nicole Speer"",""Aaron Brockett"",""Paul Tweedlie"""
Boulder,City of Boulder Mayoral,UPLOADED,33315,105-27-65,"""Aaron Brockett(1)"",""Bob Yates(1)"",""Nicole Speer(2)"",""Nicole Speer(3)"",""Paul Tweedlie(4)""",""
Boulder,City of Boulder Mayoral,UPLOADED,33319,105-27-125,"""Bob Yates(1)"",""Bob Yates(2)"",""Bob Yates(3)"",""Bob Yates(4)""","""Bob Yates"""
Boulder,City of Boulder Mayoral,UPLOADED,33321,105-27-126,"""Bob Yates(1)"",""Bob Yates(2)"",""Bob Yates(3)"",""Bob Yates(4)""","""Bob Yates"""
Boulder,City of Boulder Mayoral,UPLOADED,33409,108-27-35,"""Nicole Speer(1)"",""Aaron Brockett(2)"",""Paul Tweedlie(3)"",""Aaron Brockett(4)""","""Nicole Speer"",""Aaron Brockett"",""Paul Tweedlie"""
Boulder,City of Boulder Mayoral,UPLOADED,33417,108-27-90,"""Bob Yates(1)"",""Nicole Speer(3)"",""Aaron Brockett(4)""","""Bob Yates"""
Boulder,City of Boulder Mayoral,UPLOADED,33419,108-27-91,"""Bob Yates(1)"",""Nicole Speer(3)"",""Aaron Brockett(4)""","""Bob Yates"""
Boulder,City of Boulder Mayoral,UPLOADED,33873,102-63-100,"""Bob Yates(1)"",""Bob Yates(2)"",""Aaron Brockett(3)"",""Bob Yates(4)""","""Bob Yates"""
Boulder,City of Boulder Mayoral,UPLOADED,33874,102-63-135,"""Bob Yates(4)""",""
Boulder,City of Boulder Mayoral,UPLOADED,35881,108-31-18,"""Bob Yates(1)"",""Aaron Brockett(4)""","""Bob Yates"""
Boulder,City of Boulder Mayoral,UPLOADED,35882,108-31-79,"""Aaron Brockett(1)"",""Nicole Speer(3)"",""Bob Yates(4)""","""Aaron Brockett"""
Boulder,City of Boulder Mayoral,UPLOADED,35883,108-31-80,"""Aaron Brockett(1)"",""Nicole Speer(2)"",""Bob Yates(3)"",""Paul Tweedlie(3)""","""Aaron Brockett"",""Nicole Speer"""
Boulder,City of Boulder Mayoral,UPLOADED,35888,108-31-28,"""Nicole Speer(1)"",""Aaron Brockett(2)"",""Bob Yates(3)"",""Bob Yates(4)""","""Nicole Speer"",""Aaron Brockett"",""Bob Yates"""
Boulder,City of Boulder Mayoral,UPLOADED,36332,102-67-57,"""Bob Yates(1)"",""Nicole Speer(2)"",""Aaron Brockett(3)"",""Aaron Brockett(4)""","""Bob Yates"",""Nicole Speer"",""Aaron Brockett"""
Boulder,City of Boulder Mayoral,UPLOADED,36333,102-67-26,"""Paul Tweedlie(1)"",""Bob Yates(2)"",""Paul Tweedlie(3)"",""Paul Tweedlie(4)""","""Paul Tweedlie"",""Bob Yates"""
Boulder,City of Boulder Mayoral,UPLOADED,36900,102-69-116,"""Bob Yates(1)"",""Bob Yates(2)"",""Bob Yates(3)"",""Bob Yates(4)""","""Bob Yates"""
Boulder,City of Boulder Mayoral,UPLOADED,37347,101-61-113,"""Bob Yates(1)"",""Nicole Speer(4)""","""Bob Yates"""
Boulder,City of Boulder Mayoral,UPLOADED,38233,103-37-53,"""Bob Yates(1)"",""Paul Tweedlie(3)"",""Aaron Brockett(4)"",""Nicole Speer(4)""","""Bob Yates"""
Boulder,City of Boulder Mayoral,UPLOADED,38234,103-37-38,"""Bob Yates(1)"",""Aaron Brockett(4)""","""Bob Yates"""
Boulder,City of Boulder Mayoral,UPLOADED,38235,103-37-49,"""Bob Yates(1)"",""Bob Yates(2)""","""Bob Yates"""
Boulder,City of Boulder Mayoral,UPLOADED,38239,103-37-1,"""Aaron Brockett(1)"",""Aaron Brockett(2)"",""Aaron Brockett(3)"",""Aaron Brockett(4)""","""Aaron Brockett"""
Boulder,City of Boulder Mayoral,UPLOADED,38540,103-38-84,"""Nicole Speer(1)"",""Aaron Brockett(2)"",""Bob Yates(4)"",""Paul Tweedlie(4)""","""Nicole Speer"",""Aaron Brockett"""
Boulder,City of Boulder Mayoral,UPLOADED,38541,103-38-87,"""Nicole Speer(1)"",""Aaron Brockett(2)"",""Bob Yates(4)"",""Paul Tweedlie(4)""","""Nicole Speer"",""Aaron Brockett"""
Boulder,City of Boulder Mayoral,UPLOADED,38691,101-63-50,"""Bob Yates(1)"",""Nicole Speer(2)"",""Bob Yates(3)"",""Paul Tweedlie(4)""","""Bob Yates"",""Nicole Speer"""
Boulder,City of Boulder Mayoral,UPLOADED,40173,108-34-2,"""Bob Yates(1)"",""Paul Tweedlie(2)"",""Aaron Brockett(3)"",""Aaron Brockett(4)""","""Bob Yates"",""Paul Tweedlie"",""Aaron Brockett"""
Boulder,City of Boulder Mayoral,UPLOADED,40175,108-34-15,"""Bob Yates(1)"",""Nicole Speer(4)""","""Bob Yates"""
Boulder,City of Boulder Mayoral,UPLOADED,40180,108-34-7,"""Bob Yates(1)"",""Bob Yates(2)"",""Bob Yates(3)"",""Bob Yates(4)""","""Bob Yates"""
Boulder,City of Boulder Mayoral,UPLOADED,40181,108-34-109,"""Aaron Brockett(4)"",""Nicole Speer(4)"",""Bob Yates(4)"",""Paul Tweedlie(4)""",""
Boulder,City of Boulder Mayoral,UPLOADED,40182,108-34-24,"""Bob Yates(1)"",""Bob Yates(2)"",""Bob Yates(3)"",""Paul Tweedlie(4)""","""Bob Yates"""
Boulder,City of Boulder Mayoral,UPLOADED,41527,102-77-133,"""Bob Yates(1)"",""Aaron Brockett(2)"",""Bob Yates(3)"",""Paul Tweedlie(4)""","""Bob Yates"",""Aaron Brockett"""
Boulder,City of Boulder Mayoral,UPLOADED,41823,103-43-117,"""Aaron Brockett(1)"",""Bob Yates(2)"",""Paul Tweedlie(3)"",""Aaron Brockett(4)""","""Aaron Brockett"",""Bob Yates"",""Paul Tweedlie"""
Boulder,City of Boulder Mayoral,UPLOADED,41824,103-43-1,"""Bob Yates(1)"",""Nicole Speer(2)"",""Bob Yates(3)"",""Paul Tweedlie(4)""","""Bob Yates"",""Nicole Speer"""
Boulder,City of Boulder Mayoral,UPLOADED,42266,105-37-100,"""Aaron Brockett(1)"",""Bob Yates(2)"",""Aaron Brockett(3)"",""Paul Tweedlie(4)""","""Aaron Brockett"",""Bob Yates"""
Boulder,City of Boulder Mayoral,UPLOADED,42274,105-37-23,"""Bob Yates(1)"",""Bob Yates(2)"",""Bob Yates(3)"",""Nicole Speer(4)""","""Bob Yates"""
Boulder,City of Boulder Mayoral,UPLOADED,43464,101-72-88,"""Aaron Brockett(1)"",""Nicole Speer(1)""",""
Boulder,City of Boulder Mayoral,UPLOADED,43466,101-72-41,"""Bob Yates(1)"",""Bob Yates(2)"",""Bob Yates(3)"",""Bob Yates(4)""","""Bob Yates"""
Boulder,City of Boulder Mayoral,UPLOADED,43467,101-72-26,"""Bob Yates(1)"",""Aaron Brockett(3)"",""Paul Tweedlie(4)""","""Bob Yates"""
Boulder,City of Boulder Mayoral,UPLOADED,44199,103-47-18,"""Aaron Brockett(1)"",""Nicole Speer(2)"",""Bob Yates(4)""","""Aaron Brockett"",""Nicole Speer"""
Boulder,City of Boulder Mayoral,UPLOADED,44204,103-47-73,"""Bob Yates(1)"",""Aaron Brockett(2)"",""Bob Yates(3)""","""Bob Yates"",""Aaron Brockett"""
Boulder,City of Boulder Mayoral,UPLOADED,44206,103-47-83,"""Nicole Speer(1)"",""Bob Yates(1)""",""
Boulder,City of Boulder Mayoral,UPLOADED,44209,103-47-82,"""Bob Yates(1)"",""Nicole Speer(2)"",""Bob Yates(3)"",""Paul Tweedlie(4)""","""Bob Yates"",""Nicole Speer"""
Boulder,City of Boulder Mayoral,UPLOADED,44211,103-47-141,"""Bob Yates(1)"",""Paul Tweedlie(2)"",""Aaron Brockett(3)"",""Paul Tweedlie(4)""","""Bob Yates"",""Paul Tweedlie"",""Aaron Brockett"""
Boulder,City of Boulder Mayoral,UPLOADED,44509,101-74-95,"""Bob Yates(1)"",""Aaron Brockett(4)""","""Bob Yates"""
Boulder,City of Boulder Mayoral,UPLOADED,44647,105-40-136,"""Nicole Speer(1)"",""Aaron Brockett(2)"",""Bob Yates(3)"",""Bob Yates(4)""","""Nicole Speer"",""Aaron Brockett"",""Bob Yates"""
Boulder,City of Boulder Mayoral,UPLOADED,44654,105-40-111,"""Aaron Brockett(1)"",""Nicole Speer(1)"",""Bob Yates(1)"",""Paul Tweedlie(1)""",""
Boulder,City of Boulder Mayoral,UPLOADED,44655,105-40-92,"""Bob Yates(1)"",""Aaron Brockett(4)"",""Nicole Speer(4)"",""Paul Tweedlie(4)""","""Bob Yates"""
Boulder,City of Boulder Mayoral,UPLOADED,44656,105-40-124,"""Bob Yates(1)"",""Aaron Brockett(4)"",""Nicole Speer(4)"",""Paul Tweedlie(4)""","""Bob Yates"""
Boulder,City of Boulder Mayoral,UPLOADED,44658,105-40-90,"""Nicole Speer(1)"",""Aaron Brockett(2)"",""Bob Yates(4)""","""Nicole Speer"",""Aaron Brockett"""
Boulder,City of Boulder Mayoral,UPLOADED,44949,105-41-24,"""Bob Yates(1)"",""Aaron Brockett(2)"",""Paul Tweedlie(3)"",""Bob Yates(4)""","""Bob Yates"",""Aaron Brockett"",""Paul Tweedlie"""
Boulder,City of Boulder Mayoral,UPLOADED,44950,105-41-143,"""Bob Yates(1)"",""Bob Yates(2)"",""Bob Yates(3)"",""Bob Yates(4)""","""Bob Yates"""
Boulder,City of Boulder Mayoral,UPLOADED,44951,105-41-90,"""Bob Yates(1)"",""Bob Yates(2)""","""Bob Yates"""
Boulder,City of Boulder Mayoral,UPLOADED,44953,105-41-74,"""Bob Yates(1)"",""Bob Yates(2)"",""Bob Yates(3)"",""Bob Yates(4)""","""Bob Yates"""
Boulder,City of Boulder Mayoral,UPLOADED,44954,105-41-59,"""Bob Yates(1)"",""Bob Yates(2)""","""Bob Yates"""
Boulder,City of Boulder Mayoral,UPLOADED,45684,102-86-82,"""Nicole Speer(1)"",""Paul Tweedlie(2)"",""Nicole Speer(3)"",""Aaron Brockett(4)""","""Nicole Speer"",""Paul Tweedlie"""
Boulder,City of Boulder Mayoral,UPLOADED,45687,102-86-41,"""Nicole Speer(1)"",""Aaron Brockett(2)"",""Paul Tweedlie(4)""","""Nicole Speer"",""Aaron Brockett"""
Boulder,City of Boulder Mayoral,UPLOADED,46424,103-49-14,"""Bob Yates(1)"",""Bob Yates(2)"",""Bob Yates(3)"",""Bob Yates(4)""","""Bob Yates"""
Boulder,City of Boulder Mayoral,UPLOADED,46425,103-49-16,"""Bob Yates(1)"",""Bob Yates(2)"",""Bob Yates(3)"",""Bob Yates(4)""","""Bob Yates"""
Boulder,City of Boulder Mayoral,UPLOADED,46427,103-49-15,"""Bob Yates(1)"",""Bob Yates(2)"",""Bob Yates(3)"",""Bob Yates(4)""","""Bob Yates"""
Boulder,City of Boulder Mayoral,UPLOADED,46431,103-49-124,"""Bob Yates(1)"",""Bob Yates(2)"",""Bob Yates(3)""","""Bob Yates"""
Boulder,City of Boulder Mayoral,UPLOADED,46433,103-49-17,"""Bob Yates(1)"",""Bob Yates(2)"",""Bob Yates(3)"",""Bob Yates(4)""","""Bob Yates"""
Boulder,City of Boulder Mayoral,UPLOADED,46434,103-49-84,"""Paul Tweedlie(1)"",""Aaron Brockett(2)"",""Nicole Speer(3)"",""Paul Tweedlie(4)""","""Paul Tweedlie"",""Aaron Brockett"",""Nicole Speer"""
Boulder,City of Boulder Mayoral,UPLOADED,46874,101-78-54,"""Nicole Speer(1)"",""Paul Tweedlie(3)""","""Nicole Speer"""
Boulder,City of Boulder Mayoral,UPLOADED,46875,101-78-95,"""Bob Yates(1)"",""Bob Yates(2)"",""Bob Yates(3)"",""Bob Yates(4)""","""Bob Yates"""
Boulder,City of Boulder Mayoral,UPLOADED,46877,101-78-55,"""Bob Yates(1)"",""Paul Tweedlie(2)"",""Nicole Speer(3)"",""Paul Tweedlie(4)""","""Bob Yates"",""Paul Tweedlie"",""Nicole Speer"""
Boulder,City of Boulder Mayoral,UPLOADED,47028,102-90-105,"""Bob Yates(1)"",""Bob Yates(2)"",""Bob Yates(3)"",""Bob Yates(4)""","""Bob Yates"""
Boulder,City of Boulder Mayoral,UPLOADED,47468,108-38-48,"""Bob Yates(1)"",""Bob Yates(2)"",""Bob Yates(3)"",""Bob Yates(4)""","""Bob Yates"""
Boulder,City of Boulder Mayoral,UPLOADED,47614,105-42-40,"""Aaron Brockett(1)"",""Aaron Brockett(2)"",""Aaron Brockett(3)"",""Aaron Brockett(4)""","""Aaron Brockett"""
Boulder,City of Boulder Mayoral,UPLOADED,47616,105-42-99,"""Bob Yates(1)"",""Paul Tweedlie(2)"",""Bob Yates(3)"",""Paul Tweedlie(4)""","""Bob Yates"",""Paul Tweedlie"""
Boulder,City of Boulder Mayoral,UPLOADED,47764,102-91-44,"""Bob Yates(1)"",""Bob Yates(2)"",""Bob Yates(3)"",""Bob Yates(4)""","""Bob Yates"""
Boulder,City of Boulder Mayoral,UPLOADED,47765,102-91-43,"""Bob Yates(1)"",""Bob Yates(2)"",""Bob Yates(3)"",""Bob Yates(4)""","""Bob Yates"""
Boulder,City of Boulder Mayoral,UPLOADED,48063,102-92-133,"""Paul Tweedlie(1)"",""Nicole Speer(2)"",""Aaron Brockett(3)"",""Paul Tweedlie(4)""","""Paul Tweedlie"",""Nicole Speer"",""Aaron Brockett"""
Boulder,City of Boulder Mayoral,UPLOADED,48211,105-43-81,"""Bob Yates(1)"",""Bob Yates(2)"",""Bob Yates(3)"",""Bob Yates(4)""","""Bob Yates"""
Boulder,City of Boulder Mayoral,UPLOADED,48214,105-43-98,"""Bob Yates(1)"",""Paul Tweedlie(4)""","""Bob Yates"""
Boulder,City of Boulder Mayoral,UPLOADED,48796,101-81-11,"""Aaron Brockett(1)"",""Nicole Speer(2)"",""Bob Yates(4)""","""Aaron Brockett"",""Nicole Speer"""
Boulder,City of Boulder Mayoral,UPLOADED,48797,101-81-2,"""Aaron Brockett(1)"",""Nicole Speer(2)"",""Aaron Brockett(3)"",""Nicole Speer(4)""","""Aaron Brockett"",""Nicole Speer"""
Boulder,City of Boulder Mayoral,UPLOADED,48799,101-81-110,"""Nicole Speer(1)"",""Bob Yates(1)"",""Aaron Brockett(2)""",""
Boulder,City of Boulder Mayoral,UPLOADED,48801,101-81-122,"""Bob Yates(1)"",""Nicole Speer(2)"",""Aaron Brockett(4)""","""Bob Yates"",""Nicole Speer"""
Boulder,City of Boulder Mayoral,UPLOADED,49381,103-52-115,"""Aaron Brockett(1)"",""Bob Yates(2)"",""Nicole Speer(3)"",""Paul Tweedlie(3)"",""Paul Tweedlie(4)""","""Aaron Brockett"",""Bob Yates"""
Boulder,City of Boulder Mayoral,UPLOADED,49676,102-96-146,"""Bob Yates(1)"",""Bob Yates(2)"",""Bob Yates(3)"",""Bob Yates(4)""","""Bob Yates"""
Boulder,City of Boulder Mayoral,UPLOADED,49821,103-53-90,"""Bob Yates(1)"",""Bob Yates(2)"",""Bob Yates(3)"",""Bob Yates(4)""","""Bob Yates"""
Boulder,City of Boulder Mayoral,UPLOADED,49822,103-53-37,"""Bob Yates(1)"",""Bob Yates(2)"",""Bob Yates(3)"",""Bob Yates(4)""","""Bob Yates"""
Boulder,City of Boulder Mayoral,UPLOADED,49824,103-53-73,"""Bob Yates(1)"",""Bob Yates(2)"",""Nicole Speer(3)"",""Paul Tweedlie(4)""","""Bob Yates"""
Boulder,City of Boulder Mayoral,UPLOADED,49972,105-44-125,"""Bob Yates(1)"",""Paul Tweedlie(4)""","""Bob Yates"""
Boulder,City of Boulder Mayoral,UPLOADED,50118,102-97-58,"""Bob Yates(1)"",""Bob Yates(2)"",""Bob Yates(3)"",""Bob Yates(4)""","""Bob Yates"""
Boulder,City of Boulder Mayoral,UPLOADED,50120,102-97-69,"""Bob Yates(1)"",""Bob Yates(2)"",""Bob Yates(3)""","""Bob Yates"""
Boulder,City of Boulder Mayoral,UPLOADED,50122,102-97-73,"""Bob Yates(1)"",""Nicole Speer(4)""","""Bob Yates"""
Boulder,City of Boulder Mayoral,UPLOADED,50417,101-83-143,"""Nicole Speer(1)"",""Aaron Brockett(2)"",""Nicole Speer(3)"",""Bob Yates(4)""","""Nicole Speer"",""Aaron Brockett"""
Boulder,City of Boulder Mayoral,UPLOADED,50418,101-83-14,"""Nicole Speer(1)"",""Aaron Brockett(2)"",""Bob Yates(4)""","""Nicole Speer"",""Aaron Brockett"""
Boulder,City of Boulder Mayoral,UPLOADED,50558,105-45-21,"""Aaron Brockett(1)"",""Bob Yates(2)"",""Aaron Brockett(3)"",""Paul Tweedlie(4)""","""Aaron Brockett"",""Bob Yates"""
Boulder,City of Boulder Mayoral,UPLOADED,50559,105-45-76,"""Nicole Speer(1)"",""Nicole Speer(2)"",""Nicole Speer(3)"",""Nicole Speer(4)""","""Nicole Speer"""
Boulder,City of Boulder Mayoral,UPLOADED,50560,105-45-106,"""Aaron Brockett(1)"",""Nicole Speer(1)""",""
Boulder,City of Boulder Mayoral,UPLOADED,50561,105-45-82,"""Bob Yates(1)"",""Bob Yates(2)"",""Bob Yates(3)"",""Bob Yates(4)""","""Bob Yates"""
Boulder,City of Boulder Mayoral,UPLOADED,50563,105-45-58,"""Aaron Brockett(1)"",""Aaron Brockett(2)"",""Aaron Brockett(3)"",""Aaron Brockett(4)""","""Aaron Brockett"""
Boulder,City of Boulder Mayoral,UPLOADED,50567,105-45-138,"""Bob Yates(1)"",""Bob Yates(2)""","""Bob Yates"""
Boulder,City of Boulder Mayoral,UPLOADED,50711,102-98-4,"""Bob Yates(1)"",""Nicole Speer(4)""","""Bob Yates"""
Boulder,City of Boulder Mayoral,UPLOADED,50712,102-98-98,"""Aaron Brockett(1)"",""Nicole Speer(2)"",""Bob Yates(4)""","""Aaron Brockett"",""Nicole Speer"""
Boulder,City of Boulder Mayoral,UPLOADED,50713,102-98-139,"""Nicole Speer(1)"",""Nicole Speer(2)"",""Nicole Speer(3)"",""Nicole Speer(4)""","""Nicole Speer"""
Boulder,City of Boulder Mayoral,UPLOADED,50715,102-98-3,"""Bob Yates(1)"",""Nicole Speer(4)""","""Bob Yates"""
Boulder,City of Boulder Mayoral,UPLOADED,50717,102-98-26,"""Aaron Brockett(1)"",""Nicole Speer(2)"",""Bob Yates(4)""","""Aaron Brockett"",""Nicole Speer"""
Boulder,City of Boulder Mayoral,UPLOADED,51161,102-99-4,"""Aaron Brockett(1)"",""Nicole Speer(1)""",""
Boulder,City of Boulder Mayoral,UPLOADED,51460,103-54-114,"""Nicole Speer(1)"",""Bob Yates(2)"",""Bob Yates(3)"",""Bob Yates(4)""","""Nicole Speer"",""Bob Yates"""
Boulder,City of Boulder Mayoral,UPLOADED,51606,102-100-52,"""Aaron Brockett(1)"",""Aaron Brockett(2)"",""Aaron Brockett(3)"",""Aaron Brockett(4)""","""Aaron Brockett"""
Boulder,City of Boulder Mayoral,UPLOADED,51607,102-100-132,"""Bob Yates(1)"",""Bob Yates(2)"",""Bob Yates(3)"",""Bob Yates(4)""","""Bob Yates"""
Boulder,City of Boulder Mayoral,UPLOADED,51758,110-7-8,"""Bob Yates(4)""",""
Boulder,City of Boulder Mayoral,UPLOADED,51759,110-7-56,"""Bob Yates(1)"",""Paul Tweedlie(4)""","""Bob Yates"""
Boulder,City of Boulder Mayoral,UPLOADED,52802,101-86-81,"""Bob Yates(1)"",""Nicole Speer(2)"",""Bob Yates(3)"",""Paul Tweedlie(4)""","""Bob Yates"",""Nicole Speer"""
Boulder,City of Boulder Mayoral,UPLOADED,52803,101-86-7,"""Bob Yates(1)"",""Aaron Brockett(2)"",""Bob Yates(3)""","""Bob Yates"",""Aaron Brockett"""
Boulder,City of Boulder Mayoral,UPLOADED,52944,105-46-25,"""Aaron Brockett(1)"",""Bob Yates(1)"",""Paul Tweedlie(2)"",""Aaron Brockett(3)"",""Nicole Speer(4)""",""
Boulder,City of Boulder Mayoral,UPLOADED,52948,105-46-75,"""Nicole Speer(1)"",""Aaron Brockett(2)"",""Bob Yates(4)"",""Paul Tweedlie(4)""","""Nicole Speer"",""Aaron Brockett"""
Boulder,City of Boulder Mayoral,UPLOADED,52952,105-46-138,"""Paul Tweedlie(1)"",""Paul Tweedlie(2)"",""Paul Tweedlie(3)"",""Paul Tweedlie(4)""","""Paul Tweedlie"""
Boulder,City of Boulder Mayoral,UPLOADED,53095,102-103-8,"""Bob Yates(1)"",""Aaron Brockett(3)""","""Bob Yates"""
Boulder,City of Boulder Mayoral,UPLOADED,53097,102-103-23,"""Bob Yates(1)"",""Bob Yates(2)"",""Bob Yates(3)"",""Bob Yates(4)""","""Bob Yates"""
Boulder,City of Boulder Mayoral,UPLOADED,53102,102-103-96,"""Bob Yates(1)"",""Aaron Brockett(2)"",""Nicole Speer(3)"",""Aaron Brockett(4)""","""Bob Yates"",""Aaron Brockett"",""Nicole Speer"""
Boulder,City of Boulder Mayoral,UPLOADED,53848,105-47-122,"""Aaron Brockett(1)"",""Nicole Speer(2)"",""Bob Yates(4)""","""Aaron Brockett"",""Nicole Speer"""
Boulder,City of Boulder Mayoral,UPLOADED,54033,108-43-62,"""Aaron Brockett(1)"",""Nicole Speer(1)"",""Bob Yates(1)"",""Paul Tweedlie(1)""",""
Boulder,City of Boulder Mayoral,UPLOADED,54043,108-43-45,"""Bob Yates(2)""",""
Boulder,City of Boulder Mayoral,UPLOADED,57029,102-114-16,"""Aaron Brockett(1)"",""Bob Yates(1)"",""Aaron Brockett(2)"",""Nicole Speer(2)""",""
Boulder,City of Boulder Mayoral,UPLOADED,58368,101-96-83,"""Bob Yates(1)"",""Aaron Brockett(2)"",""Nicole Speer(4)""","""Bob Yates"",""Aaron Brockett"""
Boulder,City of Boulder Mayoral,UPLOADED,58661,101-97-119,"""Aaron Brockett(1)"",""Nicole Speer(1)""",""
Boulder,City of Boulder Mayoral,UPLOADED,58662,101-97-5,"""Bob Yates(1)"",""Bob Yates(2)"",""Nicole Speer(3)"",""Nicole Speer(4)""","""Bob Yates"""
Boulder,City of Boulder Mayoral,UPLOADED,58663,101-97-46,"""Bob Yates(1)"",""Bob Yates(2)"",""Nicole Speer(3)"",""Aaron Brockett(4)""","""Bob Yates"""
Boulder,City of Boulder Mayoral,UPLOADED,59711,101-99-146,"""Bob Yates(1)"",""Bob Yates(2)"",""Bob Yates(3)"",""Bob Yates(4)""","""Bob Yates"""
Boulder,City of Boulder Mayoral,UPLOADED,60004,104-21-79,"""Bob Yates(1)"",""Aaron Brockett(2)"",""Paul Tweedlie(3)"",""Bob Yates(4)""","""Bob Yates"",""Aaron Brockett"",""Paul Tweedlie"""
Boulder,City of Boulder Mayoral,UPLOADED,60008,104-21-66,"""Bob Yates(1)"",""Bob Yates(2)""","""Bob Yates"""
Boulder,City of Boulder Mayoral,UPLOADED,61045,101-102-14,"""Aaron Brockett(1)"",""Bob Yates(2)"",""Nicole Speer(3)"",""Aaron Brockett(4)""","""Aaron Brockett"",""Bob Yates"",""Nicole Speer"""
Boulder,City of Boulder Mayoral,UPLOADED,61048,101-102-117,"""Aaron Brockett(1)"",""Nicole Speer(2)"",""Aaron Brockett(3)"",""Nicole Speer(4)""","""Aaron Brockett"",""Nicole Speer"""
Boulder,City of Boulder Mayoral,UPLOADED,61049,101-102-34,"""Bob Yates(1)"",""Bob Yates(2)"",""Bob Yates(3)""","""Bob Yates"""
Boulder,City of Boulder Mayoral,UPLOADED,61050,101-102-57,"""Paul Tweedlie(1)"",""Paul Tweedlie(2)"",""Paul Tweedlie(3)"",""Paul Tweedlie(4)""","""Paul Tweedlie"""
Boulder,City of Boulder Mayoral,UPLOADED,61191,104-22-8,"""Aaron Brockett(1)"",""Bob Yates(2)"",""Nicole Speer(3)"",""Bob Yates(4)""","""Aaron Brockett"",""Bob Yates"",""Nicole Speer"""
Boulder,City of Boulder Mayoral,UPLOADED,61193,104-22-138,"""Bob Yates(1)"",""Bob Yates(2)"",""Bob Yates(3)"",""Bob Yates(4)""","""Bob Yates"""
Boulder,City of Boulder Mayoral,UPLOADED,61196,104-22-105,"""Bob Yates(1)"",""Bob Yates(2)"",""Bob Yates(3)"",""Bob Yates(4)""","""Bob Yates"""
Boulder,City of Boulder Mayoral,UPLOADED,61197,104-22-11,"""Bob Yates(1)"",""Bob Yates(2)"",""Bob Yates(3)"",""Bob Yates(4)""","""Bob Yates"""
Boulder,City of Boulder Mayoral,UPLOADED,62092,102-123-126,"""Bob Yates(1)"",""Paul Tweedlie(2)"",""Bob Yates(3)"",""Paul Tweedlie(4)""","""Bob Yates"",""Paul Tweedlie"""
Boulder,City of Boulder Mayoral,UPLOADED,62534,104-24-121,"""Bob Yates(1)"",""Bob Yates(2)"",""Bob Yates(3)"",""Bob Yates(4)""","""Bob Yates"""
Boulder,City of Boulder Mayoral,UPLOADED,62535,104-24-87,"""Bob Yates(1)"",""Nicole Speer(3)"",""Paul Tweedlie(4)""","""Bob Yates"""
Boulder,City of Boulder Mayoral,UPLOADED,62536,104-24-117,"""Bob Yates(1)"",""Bob Yates(2)"",""Bob Yates(3)"",""Bob Yates(4)""","""Bob Yates"""
Boulder,City of Boulder Mayoral,UPLOADED,63431,106-14-115,"""Nicole Speer(1)"",""Nicole Speer(2)"",""Bob Yates(3)"",""Paul Tweedlie(4)""","""Nicole Speer"""
Boulder,City of Boulder Mayoral,UPLOADED,63573,101-107-91,"""Bob Yates(1)"",""Aaron Brockett(2)"",""Paul Tweedlie(3)"",""Bob Yates(4)""","""Bob Yates"",""Aaron Brockett"",""Paul Tweedlie"""
Boulder,City of Boulder Mayoral,UPLOADED,64014,104-26-105,"""Aaron Brockett(1)"",""Bob Yates(2)"",""Aaron Brockett(3)""","""Aaron Brockett"",""Bob Yates"""
Boulder,City of Boulder Mayoral,UPLOADED,64015,104-26-69,"""Bob Yates(1)"",""Bob Yates(2)"",""Bob Yates(3)"",""Bob Yates(4)""","""Bob Yates"""
Boulder,City of Boulder Mayoral,UPLOADED,64018,104-26-111,"""Bob Yates(1)"",""Nicole Speer(2)"",""Bob Yates(3)"",""Paul Tweedlie(4)""","""Bob Yates"",""Nicole Speer"""
Boulder,City of Boulder Mayoral,UPLOADED,64020,104-26-146,"""Bob Yates(1)"",""Bob Yates(2)"",""Bob Yates(3)"",""Bob Yates(4)""","""Bob Yates"""
Boulder,City of Boulder Mayoral,UPLOADED,64021,104-26-54,"""Nicole Speer(1)"",""Aaron Brockett(2)"",""Paul Tweedlie(3)"",""Nicole Speer(4)""","""Nicole Speer"",""Aaron Brockett"",""Paul Tweedlie"""
Boulder,City of Boulder Mayoral,UPLOADED,64317,102-126-18,"""Aaron Brockett(2)""",""
Boulder,City of Boulder Mayoral,UPLOADED,64913,104-27-105,"""Bob Yates(1)"",""Aaron Brockett(4)"",""Nicole Speer(4)"",""Paul Tweedlie(4)""","""Bob Yates"""
Boulder,City of Boulder Mayoral,UPLOADED,65652,101-111-38,"""Bob Yates(1)"",""Bob Yates(2)"",""Bob Yates(3)"",""Bob Yates(4)""","""Bob Yates"""
Boulder,City of Boulder Mayoral,UPLOADED,65653,101-111-149,"""Bob Yates(1)"",""Bob Yates(2)"",""Bob Yates(3)"",""Bob Yates(4)""","""Bob Yates"""
Boulder,City of Boulder Mayoral,UPLOADED,65654,101-111-5,"""Bob Yates(1)"",""Bob Yates(2)"",""Bob Yates(3)"",""Bob Yates(4)""","""Bob Yates"""
Boulder,City of Boulder Mayoral,UPLOADED,65657,101-111-83,"""Bob Yates(1)"",""Paul Tweedlie(2)"",""Bob Yates(3)"",""Aaron Brockett(4)""","""Bob Yates"",""Paul Tweedlie"""
Boulder,City of Boulder Mayoral,UPLOADED,65658,101-111-37,"""Bob Yates(1)"",""Bob Yates(2)"",""Bob Yates(3)"",""Bob Yates(4)""","""Bob Yates"""
Boulder,City of Boulder Mayoral,UPLOADED,65659,101-111-119,"""Bob Yates(1)"",""Aaron Brockett(4)""","""Bob Yates"""
Boulder,City of Boulder Mayoral,UPLOADED,66697,106-19-20,"""Bob Yates(1)"",""Bob Yates(2)"",""Bob Yates(3)"",""Bob Yates(4)""","""Bob Yates"""
Boulder,City of Boulder Mayoral,UPLOADED,66703,106-19-60,"""Bob Yates(1)"",""Aaron Brockett(2)"",""Aaron Brockett(3)"",""Nicole Speer(4)""","""Bob Yates"",""Aaron Brockett"""
Boulder,City of Boulder Mayoral,UPLOADED,66998,102-130-27,"""Nicole Speer(1)"",""Aaron Brockett(2)"",""Paul Tweedlie(4)""","""Nicole Speer"",""Aaron Brockett"""
Boulder,City of Boulder Mayoral,UPLOADED,67001,102-130-75,"""Nicole Speer(1)"",""Nicole Speer(2)"",""Nicole Speer(3)"",""Nicole Speer(4)""","""Nicole Speer"""
Boulder,City of Boulder Mayoral,UPLOADED,67444,108-55-2,"""Aaron Brockett(1)"",""Nicole Speer(2)"",""Bob Yates(4)""","""Aaron Brockett"",""Nicole Speer"""
Boulder,City of Boulder Mayoral,UPLOADED,67445,108-55-28,"""Aaron Brockett(1)"",""Nicole Speer(2)"",""Bob Yates(4)""","""Aaron Brockett"",""Nicole Speer"""
Boulder,City of Boulder Mayoral,UPLOADED,67448,108-55-82,"""Bob Yates(1)"",""Bob Yates(2)"",""Bob Yates(3)"",""Bob Yates(4)""","""Bob Yates"""
Boulder,City of Boulder Mayoral,UPLOADED,67601,102-132-62,"""Aaron Brockett(1)"",""Nicole Speer(2)"",""Bob Yates(4)""","""Aaron Brockett"",""Nicole Speer"""
Boulder,City of Boulder Mayoral,UPLOADED,67896,106-21-125,"""Bob Yates(1)"",""Bob Yates(2)"",""Bob Yates(3)"",""Bob Yates(4)""","""Bob Yates"""
Boulder,City of Boulder Mayoral,UPLOADED,82047,101-136-75,"""Bob Yates(1)"",""Bob Yates(2)"",""Bob Yates(3)"",""Bob Yates(4)""","""Bob Yates"""
Boulder,City of Boulder Mayoral,UPLOADED,67897,106-21-13,"""Bob Yates(1)"",""Nicole Speer(2)"",""Aaron Brockett(3)"",""Nicole Speer(4)""","""Bob Yates"",""Nicole Speer"",""Aaron Brockett"""
Boulder,City of Boulder Mayoral,UPLOADED,67898,106-21-129,"""Paul Tweedlie(3)"",""Nicole Speer(4)""",""
Boulder,City of Boulder Mayoral,UPLOADED,69684,102-138-57,"""Bob Yates(1)"",""Bob Yates(2)"",""Bob Yates(3)"",""Bob Yates(4)""","""Bob Yates"""
Boulder,City of Boulder Mayoral,UPLOADED,69687,102-138-39,"""Bob Yates(1)"",""Bob Yates(2)"",""Bob Yates(3)"",""Bob Yates(4)""","""Bob Yates"""
Boulder,City of Boulder Mayoral,UPLOADED,69688,102-138-85,"""Bob Yates(1)"",""Bob Yates(2)"",""Bob Yates(3)"",""Bob Yates(4)""","""Bob Yates"""
Boulder,City of Boulder Mayoral,UPLOADED,69982,102-139-97,"""Bob Yates(1)"",""Aaron Brockett(3)""","""Bob Yates"""
Boulder,City of Boulder Mayoral,UPLOADED,69984,102-139-84,"""Bob Yates(1)"",""Paul Tweedlie(2)"",""Aaron Brockett(3)"",""Aaron Brockett(4)""","""Bob Yates"",""Paul Tweedlie"",""Aaron Brockett"""
Boulder,City of Boulder Mayoral,UPLOADED,69986,102-139-54,"""Bob Yates(1)"",""Aaron Brockett(4)""","""Bob Yates"""
Boulder,City of Boulder Mayoral,UPLOADED,69987,102-139-52,"""Bob Yates(1)"",""Aaron Brockett(4)""","""Bob Yates"""
Boulder,City of Boulder Mayoral,UPLOADED,69989,102-139-53,"""Bob Yates(1)"",""Aaron Brockett(4)""","""Bob Yates"""
Boulder,City of Boulder Mayoral,UPLOADED,72655,104-33-145,"""Aaron Brockett(1)"",""Nicole Speer(2)"",""Bob Yates(4)"",""Paul Tweedlie(4)""","""Aaron Brockett"",""Nicole Speer"""
Boulder,City of Boulder Mayoral,UPLOADED,77113,106-34-73,"""Aaron Brockett(1)"",""Nicole Speer(2)"",""Bob Yates(4)""","""Aaron Brockett"",""Nicole Speer"""
Boulder,City of Boulder Mayoral,UPLOADED,77118,106-34-23,"""Bob Yates(1)"",""Aaron Brockett(2)"",""Bob Yates(3)"",""Paul Tweedlie(4)""","""Bob Yates"",""Aaron Brockett"""
Boulder,City of Boulder Mayoral,UPLOADED,77120,106-34-52,"""Bob Yates(1)"",""Bob Yates(2)"",""Bob Yates(3)"",""Bob Yates(4)""","""Bob Yates"""
Boulder,City of Boulder Mayoral,UPLOADED,77121,106-34-63,"""Aaron Brockett(1)"",""Nicole Speer(2)"",""Bob Yates(4)""","""Aaron Brockett"",""Nicole Speer"""
Boulder,City of Boulder Mayoral,UPLOADED,79204,106-37-72,"""Aaron Brockett(4)"",""Nicole Speer(4)"",""Bob Yates(4)"",""Paul Tweedlie(4)""",""
Boulder,City of Boulder Mayoral,UPLOADED,79352,108-66-56,"""Bob Yates(1)"",""Bob Yates(2)"",""Bob Yates(3)"",""Bob Yates(4)""","""Bob Yates"""
Boulder,City of Boulder Mayoral,UPLOADED,79358,108-66-9,"""Aaron Brockett(1)"",""Nicole Speer(1)""",""
Boulder,City of Boulder Mayoral,UPLOADED,79502,102-152-101,"""Aaron Brockett(1)"",""Bob Yates(1)"",""Nicole Speer(2)"",""Paul Tweedlie(4)""",""
Boulder,City of Boulder Mayoral,UPLOADED,79505,102-152-116,"""Aaron Brockett(3)"",""Bob Yates(4)""",""
Boulder,City of Boulder Mayoral,UPLOADED,79507,102-152-147,"""Bob Yates(3)"",""Paul Tweedlie(4)""",""
Boulder,City of Boulder Mayoral,UPLOADED,79509,102-152-132,"""Bob Yates(1)"",""Aaron Brockett(2)"",""Bob Yates(3)"",""Paul Tweedlie(4)""","""Bob Yates"",""Aaron Brockett"""
Boulder,City of Boulder Mayoral,UPLOADED,79659,101-133-95,"""Bob Yates(1)"",""Aaron Brockett(2)"",""Nicole Speer(4)""","""Bob Yates"",""Aaron Brockett"""
Boulder,City of Boulder Mayoral,UPLOADED,80097,108-67-4,"""Aaron Brockett(1)"",""Nicole Speer(1)""",""
Boulder,City of Boulder Mayoral,UPLOADED,80098,108-67-49,"""Bob Yates(1)"",""Bob Yates(2)"",""Bob Yates(3)"",""Bob Yates(4)""","""Bob Yates"""
Boulder,City of Boulder Mayoral,UPLOADED,80101,108-67-53,"""Aaron Brockett(1)"",""Nicole Speer(2)"",""Bob Yates(3)"",""Bob Yates(4)""","""Aaron Brockett"",""Nicole Speer"",""Bob Yates"""
Boulder,City of Boulder Mayoral,UPLOADED,80104,108-67-21,"""Bob Yates(1)"",""Bob Yates(2)"",""Bob Yates(3)"",""Bob Yates(4)""","""Bob Yates"""
Boulder,City of Boulder Mayoral,UPLOADED,80244,102-153-25,"""Bob Yates(1)"",""Bob Yates(2)"",""Bob Yates(3)"",""Bob Yates(4)""","""Bob Yates"""
Boulder,City of Boulder Mayoral,UPLOADED,80245,102-153-85,"""Bob Yates(1)"",""Bob Yates(2)"",""Bob Yates(3)"",""Bob Yates(4)""","""Bob Yates"""
Boulder,City of Boulder Mayoral,UPLOADED,80247,102-153-65,"""Paul Tweedlie(1)"",""Nicole Speer(2)"",""Aaron Brockett(4)""","""Paul Tweedlie"",""Nicole Speer"""
Boulder,City of Boulder Mayoral,UPLOADED,80252,102-153-138,"""Aaron Brockett(1)"",""Nicole Speer(2)"",""Bob Yates(4)""","""Aaron Brockett"",""Nicole Speer"""
Boulder,City of Boulder Mayoral,UPLOADED,80254,102-153-101,"""Bob Yates(1)"",""Bob Yates(2)"",""Bob Yates(3)"",""Bob Yates(4)""","""Bob Yates"""
Boulder,City of Boulder Mayoral,UPLOADED,80255,102-153-133,"""Paul Tweedlie(1)"",""Paul Tweedlie(2)"",""Paul Tweedlie(3)"",""Paul Tweedlie(4)""","""Paul Tweedlie"""
Boulder,City of Boulder Mayoral,UPLOADED,80994,106-39-7,"""Bob Yates(1)"",""Bob Yates(2)"",""Bob Yates(3)"",""Bob Yates(4)""","""Bob Yates"""
Boulder,City of Boulder Mayoral,UPLOADED,80998,106-39-87,"""Aaron Brockett(1)"",""Nicole Speer(1)""",""
Boulder,City of Boulder Mayoral,UPLOADED,81000,106-39-104,"""Nicole Speer(1)"",""Aaron Brockett(2)"",""Nicole Speer(3)"",""Aaron Brockett(4)""","""Nicole Speer"",""Aaron Brockett"""
Boulder,City of Boulder Mayoral,UPLOADED,81001,106-39-40,"""Nicole Speer(1)"",""Aaron Brockett(3)"",""Bob Yates(4)""","""Nicole Speer"""
Boulder,City of Boulder Mayoral,UPLOADED,81003,106-39-56,"""Aaron Brockett(1)"",""Nicole Speer(1)""",""
Boulder,City of Boulder Mayoral,UPLOADED,81145,101-135-12,"""Bob Yates(1)"",""Aaron Brockett(2)"",""Paul Tweedlie(3)"",""Bob Yates(4)""","""Bob Yates"",""Aaron Brockett"",""Paul Tweedlie"""
Boulder,City of Boulder Mayoral,UPLOADED,81148,101-135-61,"""Nicole Speer(1)"",""Aaron Brockett(2)"",""Bob Yates(3)"",""Paul Tweedlie(3)""","""Nicole Speer"",""Aaron Brockett"""
Boulder,City of Boulder Mayoral,UPLOADED,81149,101-135-50,"""Aaron Brockett(1)"",""Nicole Speer(1)""",""
Boulder,City of Boulder Mayoral,UPLOADED,81152,101-135-129,"""Bob Yates(1)"",""Aaron Brockett(4)""","""Bob Yates"""
Boulder,City of Boulder Mayoral,UPLOADED,81295,102-155-28,"""Aaron Brockett(1)"",""Nicole Speer(2)"",""Bob Yates(4)""","""Aaron Brockett"",""Nicole Speer"""
Boulder,City of Boulder Mayoral,UPLOADED,81299,102-155-2,"""Aaron Brockett(1)"",""Bob Yates(2)"",""Nicole Speer(3)"",""Bob Yates(4)""","""Aaron Brockett"",""Bob Yates"",""Nicole Speer"""
Boulder,City of Boulder Mayoral,UPLOADED,81451,106-40-67,"""Bob Yates(1)"",""Aaron Brockett(2)"",""Bob Yates(3)"",""Paul Tweedlie(4)""","""Bob Yates"",""Aaron Brockett"""
Boulder,City of Boulder Mayoral,UPLOADED,81597,108-69-18,"""Paul Tweedlie(1)"",""Paul Tweedlie(2)"",""Paul Tweedlie(3)"",""Paul Tweedlie(4)""","""Paul Tweedlie"""
Boulder,City of Boulder Mayoral,UPLOADED,81748,104-46-65,"""Bob Yates(1)"",""Paul Tweedlie(4)""","""Bob Yates"""
Boulder,City of Boulder Mayoral,UPLOADED,81749,104-46-134,"""Aaron Brockett(1)"",""Nicole Speer(1)""",""
Boulder,City of Boulder Mayoral,UPLOADED,81751,104-46-116,"""Bob Yates(1)"",""Bob Yates(2)"",""Bob Yates(3)"",""Bob Yates(4)""","""Bob Yates"""
Boulder,City of Boulder Mayoral,UPLOADED,81752,104-46-120,"""Bob Yates(1)"",""Nicole Speer(2)"",""Bob Yates(3)"",""Nicole Speer(4)""","""Bob Yates"",""Nicole Speer"""
Boulder,City of Boulder Mayoral,UPLOADED,81896,102-156-65,"""Aaron Brockett(1)"",""Bob Yates(3)"",""Nicole Speer(4)""","""Aaron Brockett"""
Boulder,City of Boulder Mayoral,UPLOADED,82048,101-136-112,"""Bob Yates(1)"",""Aaron Brockett(2)"",""Nicole Speer(4)""","""Bob Yates"",""Aaron Brockett"""
Boulder,City of Boulder Mayoral,UPLOADED,82188,106-41-1,"""Bob Yates(1)"",""Paul Tweedlie(4)""","""Bob Yates"""
Boulder,City of Boulder Mayoral,UPLOADED,82190,106-41-142,"""Bob Yates(1)"",""Aaron Brockett(4)""","""Bob Yates"""
Boulder,City of Boulder Mayoral,UPLOADED,82191,106-41-114,"""Bob Yates(1)"",""Bob Yates(2)"",""Bob Yates(3)"",""Bob Yates(4)""","""Bob Yates"""
Boulder,City of Boulder Mayoral,UPLOADED,82192,106-41-22,"""Aaron Brockett(1)"",""Nicole Speer(1)""",""
Boulder,City of Boulder Mayoral,UPLOADED,82193,106-41-124,"""Bob Yates(1)"",""Bob Yates(2)"",""Bob Yates(3)"",""Bob Yates(4)""","""Bob Yates"""
Boulder,City of Boulder Mayoral,UPLOADED,82194,106-41-112,"""Aaron Brockett(1)"",""Bob Yates(1)""",""
Boulder,City of Boulder Mayoral,UPLOADED,82198,106-41-146,"""Bob Yates(1)"",""Paul Tweedlie(4)""","""Bob Yates"""
Boulder,City of Boulder Mayoral,UPLOADED,82336,102-157-45,"""Bob Yates(1)"",""Bob Yates(2)"",""Bob Yates(3)"",""Bob Yates(4)""","""Bob Yates"""
Boulder,City of Boulder Mayoral,UPLOADED,82338,102-157-37,"""Bob Yates(1)"",""Bob Yates(2)"",""Bob Yates(3)"",""Bob Yates(4)""","""Bob Yates"""
Boulder,City of Boulder Mayoral,UPLOADED,82640,104-47-76,"""Bob Yates(1)"",""Nicole Speer(2)"",""Aaron Brockett(3)"",""Aaron Brockett(4)""","""Bob Yates"",""Nicole Speer"",""Aaron Brockett"""
Boulder,City of Boulder Mayoral,UPLOADED,82788,102-158-68,"""Paul Tweedlie(1)"",""Aaron Brockett(2)"",""Paul Tweedlie(3)"",""Nicole Speer(4)""","""Paul Tweedlie"",""Aaron Brockett"""
Boulder,City of Boulder Mayoral,UPLOADED,82789,102-158-117,"""Bob Yates(1)"",""Aaron Brockett(2)"",""Aaron Brockett(3)"",""Paul Tweedlie(4)""","""Bob Yates"",""Aaron Brockett"""
Boulder,City of Boulder Mayoral,UPLOADED,82790,102-158-92,"""Bob Yates(1)"",""Bob Yates(2)"",""Bob Yates(3)"",""Bob Yates(4)""","""Bob Yates"""
Boulder,City of Boulder Mayoral,UPLOADED,82930,106-42-3,"""Nicole Speer(1)"",""Nicole Speer(2)"",""Nicole Speer(3)"",""Nicole Speer(4)""","""Nicole Speer"""
Boulder,City of Boulder Mayoral,UPLOADED,82931,106-42-129,"""Bob Yates(1)"",""Aaron Brockett(2)"",""Paul Tweedlie(3)"",""Bob Yates(4)""","""Bob Yates"",""Aaron Brockett"",""Paul Tweedlie"""
Boulder,City of Boulder Mayoral,UPLOADED,82932,106-42-2,"""Bob Yates(1)"",""Aaron Brockett(2)"",""Aaron Brockett(3)"",""Aaron Brockett(4)""","""Bob Yates"",""Aaron Brockett"""
Boulder,City of Boulder Mayoral,UPLOADED,82934,106-42-55,"""Bob Yates(1)"",""Aaron Brockett(2)"",""Nicole Speer(3)"",""Bob Yates(4)""","""Bob Yates"",""Aaron Brockett"",""Nicole Speer"""
Boulder,City of Boulder Mayoral,UPLOADED,82936,106-42-79,"""Nicole Speer(1)"",""Aaron Brockett(2)"",""Bob Yates(4)""","""Nicole Speer"",""Aaron Brockett"""
Boulder,City of Boulder Mayoral,UPLOADED,82938,106-42-6,"""Nicole Speer(1)"",""Nicole Speer(2)"",""Nicole Speer(3)"",""Nicole Speer(4)""","""Nicole Speer"""
Boulder,City of Boulder Mayoral,UPLOADED,83224,104-48-56,"""Bob Yates(1)"",""Nicole Speer(2)"",""Nicole Speer(3)"",""Paul Tweedlie(4)""","""Bob Yates"",""Nicole Speer"""
Boulder,City of Boulder Mayoral,UPLOADED,83228,104-48-138,"""Bob Yates(1)"",""Aaron Brockett(2)"",""Bob Yates(3)"",""Nicole Speer(4)""","""Bob Yates"",""Aaron Brockett"""
Boulder,City of Boulder Mayoral,UPLOADED,83232,104-48-96,"""Bob Yates(1)"",""Aaron Brockett(2)"",""Nicole Speer(4)"",""Paul Tweedlie(4)""","""Bob Yates"",""Aaron Brockett"""
Boulder,City of Boulder Mayoral,UPLOADED,83375,101-138-71,"""Bob Yates(1)"",""Bob Yates(2)"",""Bob Yates(3)"",""Bob Yates(4)""","""Bob Yates"""
Boulder,City of Boulder Mayoral,UPLOADED,83376,101-138-51,"""Bob Yates(1)"",""Aaron Brockett(2)"",""Nicole Speer(3)"",""Bob Yates(4)""","""Bob Yates"",""Aaron Brockett"",""Nicole Speer"""
Boulder,City of Boulder Mayoral,UPLOADED,83521,102-160-1,"""Bob Yates(1)"",""Bob Yates(2)"",""Bob Yates(3)"",""Bob Yates(4)""","""Bob Yates"""
Boulder,City of Boulder Mayoral,UPLOADED,83962,104-49-81,"""Nicole Speer(4)""",""
Boulder,City of Boulder Mayoral,UPLOADED,83964,104-49-84,"""Bob Yates(1)"",""Aaron Brockett(2)"",""Bob Yates(3)"",""Paul Tweedlie(4)""","""Bob Yates"",""Aaron Brockett"""
Boulder,City of Boulder Mayoral,UPLOADED,86050,106-46-113,"""Nicole Speer(1)"",""Aaron Brockett(2)"",""Nicole Speer(3)"",""Paul Tweedlie(4)""","""Nicole Speer"",""Aaron Brockett"""
Boulder,City of Boulder Mayoral,UPLOADED,87370,108-75-41,"""Bob Yates(1)"",""Paul Tweedlie(4)""","""Bob Yates"""
Boulder,City of Boulder Mayoral,UPLOADED,87373,108-75-130,"""Aaron Brockett(1)"",""Nicole Speer(2)"",""Paul Tweedlie(3)"",""Nicole Speer(4)""","""Aaron Brockett"",""Nicole Speer"",""Paul Tweedlie"""
Boulder,City of Boulder Mayoral,UPLOADED,87377,108-75-61,"""Aaron Brockett(1)"",""Nicole Speer(2)"",""Bob Yates(3)"",""Paul Tweedlie(3)"",""Bob Yates(4)"",""Paul Tweedlie(4)""","""Aaron Brockett"",""Nicole Speer"""
Boulder,City of Boulder Mayoral,UPLOADED,88122,104-54-130,"""Bob Yates(1)"",""Bob Yates(2)"",""Bob Yates(3)"",""Bob Yates(4)""","""Bob Yates"""
Boulder,City of Boulder Mayoral,UPLOADED,88267,108-76-80,"""Nicole Speer(1)"",""Bob Yates(2)"",""Paul Tweedlie(3)"",""Bob Yates(4)""","""Nicole Speer"",""Bob Yates"",""Paul Tweedlie"""
Boulder,City of Boulder Mayoral,UPLOADED,88268,108-76-23,"""Bob Yates(1)"",""Aaron Brockett(2)"",""Bob Yates(3)"",""Paul Tweedlie(4)""","""Bob Yates"",""Aaron Brockett"""
Boulder,City of Boulder Mayoral,UPLOADED,88273,108-76-107,"""Bob Yates(1)"",""Paul Tweedlie(2)"",""Nicole Speer(3)"",""Paul Tweedlie(4)""","""Bob Yates"",""Paul Tweedlie"",""Nicole Speer"""
Boulder,City of Boulder Mayoral,UPLOADED,89011,102-167-59,"""Aaron Brockett(1)"",""Bob Yates(4)""","""Aaron Brockett"""
Boulder,City of Boulder Mayoral,UPLOADED,89161,106-51-43,"""Bob Yates(1)"",""Aaron Brockett(4)""","""Bob Yates"""
Boulder,City of Boulder Mayoral,UPLOADED,89163,106-51-133,"""Aaron Brockett(1)"",""Aaron Brockett(2)""","""Aaron Brockett"""
Boulder,City of Boulder Mayoral,UPLOADED,89165,106-51-123,"""Aaron Brockett(1)"",""Nicole Speer(2)"",""Paul Tweedlie(4)""","""Aaron Brockett"",""Nicole Speer"""
Boulder,City of Boulder Mayoral,UPLOADED,89166,106-51-90,"""Paul Tweedlie(1)"",""Aaron Brockett(2)"",""Nicole Speer(3)"",""Paul Tweedlie(4)""","""Paul Tweedlie"",""Aaron Brockett"",""Nicole Speer"""
Boulder,City of Boulder Mayoral,UPLOADED,89898,104-55-3,"""Aaron Brockett(4)"",""Nicole Speer(4)"",""Bob Yates(4)"",""Paul Tweedlie(4)""",""
Boulder,City of Boulder Mayoral,UPLOADED,89901,104-55-6,"""Nicole Speer(1)"",""Nicole Speer(2)""","""Nicole Speer"""
Boulder,City of Boulder Mayoral,UPLOADED,89905,104-55-7,"""Nicole Speer(1)"",""Nicole Speer(2)"",""Nicole Speer(3)"",""Nicole Speer(4)""","""Nicole Speer"""
Boulder,City of Boulder Mayoral,UPLOADED,90354,104-56-75,"""Bob Yates(1)"",""Nicole Speer(2)"",""Bob Yates(3)"",""Aaron Brockett(4)""","""Bob Yates"",""Nicole Speer"""
Boulder,City of Boulder Mayoral,UPLOADED,90356,104-56-130,"""Aaron Brockett(1)"",""Nicole Speer(1)""",""
Boulder,City of Boulder Mayoral,UPLOADED,90499,108-79-2,"""Aaron Brockett(1)"",""Nicole Speer(1)"",""Bob Yates(1)"",""Paul Tweedlie(1)""",""
Boulder,City of Boulder Mayoral,UPLOADED,90502,108-79-17,"""Aaron Brockett(1)"",""Nicole Speer(1)"",""Bob Yates(1)"",""Paul Tweedlie(1)"",""Aaron Brockett(3)"",""Nicole Speer(3)"",""Bob Yates(3)"",""Paul Tweedlie(3)""",""
Boulder,City of Boulder Mayoral,UPLOADED,108639,103-68-80,"""Bob Yates(1)"",""Bob Yates(2)"",""Bob Yates(3)"",""Bob Yates(4)""","""Bob Yates"""
Boulder,City of Boulder Mayoral,UPLOADED,90652,106-52-101,"""Nicole Speer(1)"",""Aaron Brockett(2)"",""Bob Yates(3)"",""Bob Yates(4)""","""Nicole Speer"",""Aaron Brockett"",""Bob Yates"""
Boulder,City of Boulder Mayoral,UPLOADED,90653,106-52-6,"""Bob Yates(1)"",""Bob Yates(2)"",""Bob Yates(3)"",""Bob Yates(4)""","""Bob Yates"""
Boulder,City of Boulder Mayoral,UPLOADED,90936,101-150-5,"""Nicole Speer(1)"",""Nicole Speer(2)"",""Nicole Speer(3)"",""Nicole Speer(4)""","""Nicole Speer"""
Boulder,City of Boulder Mayoral,UPLOADED,90945,101-150-137,"""Aaron Brockett(1)"",""Bob Yates(2)"",""Bob Yates(3)"",""Paul Tweedlie(4)""","""Aaron Brockett"",""Bob Yates"""
Boulder,City of Boulder Mayoral,UPLOADED,91087,102-171-3,"""Bob Yates(1)"",""Nicole Speer(4)""","""Bob Yates"""
Boulder,City of Boulder Mayoral,UPLOADED,91089,102-171-84,"""Nicole Speer(1)"",""Bob Yates(2)"",""Aaron Brockett(3)"",""Aaron Brockett(4)""","""Nicole Speer"",""Bob Yates"",""Aaron Brockett"""
Boulder,City of Boulder Mayoral,UPLOADED,91090,102-171-4,"""Bob Yates(1)"",""Bob Yates(2)"",""Bob Yates(3)"",""Bob Yates(4)""","""Bob Yates"""
Boulder,City of Boulder Mayoral,UPLOADED,91092,102-171-85,"""Nicole Speer(1)"",""Bob Yates(2)"",""Aaron Brockett(3)"",""Aaron Brockett(4)""","""Nicole Speer"",""Bob Yates"",""Aaron Brockett"""
Boulder,City of Boulder Mayoral,UPLOADED,91093,102-171-5,"""Bob Yates(1)"",""Bob Yates(2)"",""Bob Yates(3)"",""Bob Yates(4)""","""Bob Yates"""
Boulder,City of Boulder Mayoral,UPLOADED,91387,101-151-3,"""Aaron Brockett(1)"",""Paul Tweedlie(1)""",""
Boulder,City of Boulder Mayoral,UPLOADED,91390,101-151-30,"""Aaron Brockett(1)"",""Nicole Speer(2)"",""Nicole Speer(3)"",""Paul Tweedlie(4)""","""Aaron Brockett"",""Nicole Speer"""
Boulder,City of Boulder Mayoral,UPLOADED,91391,101-151-99,"""Aaron Brockett(1)"",""Nicole Speer(1)""",""
Boulder,City of Boulder Mayoral,UPLOADED,91535,102-172-4,"""Aaron Brockett(1)"",""Bob Yates(4)""","""Aaron Brockett"""
Boulder,City of Boulder Mayoral,UPLOADED,91678,104-57-2,"""Aaron Brockett(1)"",""Nicole Speer(1)"",""Aaron Brockett(2)"",""Bob Yates(3)"",""Paul Tweedlie(4)""",""
Boulder,City of Boulder Mayoral,UPLOADED,91684,104-57-138,"""Nicole Speer(1)"",""Aaron Brockett(2)"",""Bob Yates(3)"",""Aaron Brockett(4)""","""Nicole Speer"",""Aaron Brockett"",""Bob Yates"""
Boulder,City of Boulder Mayoral,UPLOADED,91686,104-57-146,"""Bob Yates(1)"",""Bob Yates(2)"",""Bob Yates(3)"",""Bob Yates(4)""","""Bob Yates"""
Boulder,City of Boulder Mayoral,UPLOADED,91687,104-57-147,"""Bob Yates(1)"",""Bob Yates(2)"",""Bob Yates(3)"",""Bob Yates(4)""","""Bob Yates"""
Boulder,City of Boulder Mayoral,UPLOADED,91689,104-57-128,"""Bob Yates(1)"",""Aaron Brockett(2)"",""Aaron Brockett(3)"",""Paul Tweedlie(4)""","""Bob Yates"",""Aaron Brockett"""
Boulder,City of Boulder Mayoral,UPLOADED,93901,102-176-146,"""Bob Yates(1)"",""Aaron Brockett(4)""","""Bob Yates"""
Boulder,City of Boulder Mayoral,UPLOADED,94790,106-60-109,"""Nicole Speer(4)""",""
Boulder,City of Boulder Mayoral,UPLOADED,94794,106-60-114,"""Aaron Brockett(1)"",""Nicole Speer(1)""",""
Boulder,City of Boulder Mayoral,UPLOADED,94937,101-157-76,"""Bob Yates(1)"",""Paul Tweedlie(2)"",""Bob Yates(3)"",""Paul Tweedlie(4)""","""Bob Yates"",""Paul Tweedlie"""
Boulder,City of Boulder Mayoral,UPLOADED,95381,101-158-48,"""Aaron Brockett(1)"",""Nicole Speer(2)"",""Aaron Brockett(3)"",""Nicole Speer(4)""","""Aaron Brockett"",""Nicole Speer"""
Boulder,City of Boulder Mayoral,UPLOADED,95385,101-158-49,"""Aaron Brockett(1)"",""Aaron Brockett(2)"",""Aaron Brockett(3)"",""Aaron Brockett(4)""","""Aaron Brockett"""
Boulder,City of Boulder Mayoral,UPLOADED,95677,106-62-55,"""Bob Yates(1)"",""Nicole Speer(4)""","""Bob Yates"""
Boulder,City of Boulder Mayoral,UPLOADED,96423,102-181-33,"""Bob Yates(1)"",""Nicole Speer(4)""","""Bob Yates"""
Boulder,City of Boulder Mayoral,UPLOADED,96424,102-181-30,"""Aaron Brockett(1)"",""Paul Tweedlie(2)"",""Nicole Speer(3)"",""Bob Yates(3)""","""Aaron Brockett"",""Paul Tweedlie"""
Boulder,City of Boulder Mayoral,UPLOADED,96718,102-182-139,"""Paul Tweedlie(1)"",""Paul Tweedlie(2)"",""Paul Tweedlie(3)"",""Paul Tweedlie(4)""","""Paul Tweedlie"""
Boulder,City of Boulder Mayoral,UPLOADED,96871,106-64-140,"""Paul Tweedlie(1)"",""Paul Tweedlie(2)"",""Paul Tweedlie(3)"",""Paul Tweedlie(4)""","""Paul Tweedlie"""
Boulder,City of Boulder Mayoral,UPLOADED,97461,102-184-118,"""Aaron Brockett(1)"",""Nicole Speer(2)"",""Bob Yates(4)""","""Aaron Brockett"",""Nicole Speer"""
Boulder,City of Boulder Mayoral,UPLOADED,97462,102-184-119,"""Aaron Brockett(1)"",""Nicole Speer(2)"",""Bob Yates(4)""","""Aaron Brockett"",""Nicole Speer"""
Boulder,City of Boulder Mayoral,UPLOADED,97465,102-184-17,"""Nicole Speer(1)"",""Aaron Brockett(2)"",""Bob Yates(3)"",""Paul Tweedlie(3)"",""Bob Yates(4)""","""Nicole Speer"",""Aaron Brockett"""
Boulder,City of Boulder Mayoral,UPLOADED,97468,102-184-53,"""Bob Yates(1)"",""Bob Yates(2)"",""Bob Yates(3)"",""Bob Yates(4)""","""Bob Yates"""
Boulder,City of Boulder Mayoral,UPLOADED,97611,102-185-91,"""Aaron Brockett(1)"",""Nicole Speer(1)"",""Aaron Brockett(2)""",""
Boulder,City of Boulder Mayoral,UPLOADED,97612,102-185-2,"""Nicole Speer(1)"",""Bob Yates(2)"",""Aaron Brockett(4)""","""Nicole Speer"",""Bob Yates"""
Boulder,City of Boulder Mayoral,UPLOADED,98208,101-162-7,"""Nicole Speer(1)"",""Aaron Brockett(2)"",""Nicole Speer(3)"",""Paul Tweedlie(4)""","""Nicole Speer"",""Aaron Brockett"""
Boulder,City of Boulder Mayoral,UPLOADED,98212,101-162-128,"""Bob Yates(1)"",""Bob Yates(2)"",""Bob Yates(3)"",""Paul Tweedlie(4)""","""Bob Yates"""
Boulder,City of Boulder Mayoral,UPLOADED,98872,108-83-55,"""Nicole Speer(1)"",""Aaron Brockett(2)"",""Nicole Speer(3)"",""Bob Yates(4)""","""Nicole Speer"",""Aaron Brockett"""
Boulder,City of Boulder Mayoral,UPLOADED,98880,108-83-63,"""Bob Yates(1)"",""Bob Yates(2)"",""Bob Yates(3)"",""Bob Yates(4)""","""Bob Yates"""
Boulder,City of Boulder Mayoral,UPLOADED,99478,102-190-20,"""Bob Yates(1)"",""Aaron Brockett(4)""","""Bob Yates"""
Boulder,City of Boulder Mayoral,UPLOADED,99618,106-67-104,"""Aaron Brockett(1)"",""Nicole Speer(2)"",""Bob Yates(4)""","""Aaron Brockett"",""Nicole Speer"""
Boulder,City of Boulder Mayoral,UPLOADED,99619,106-67-78,"""Bob Yates(1)"",""Bob Yates(2)"",""Bob Yates(3)"",""Bob Yates(4)""","""Bob Yates"""
Boulder,City of Boulder Mayoral,UPLOADED,99621,106-67-37,"""Aaron Brockett(1)"",""Bob Yates(1)""",""
Boulder,City of Boulder Mayoral,UPLOADED,99622,106-67-32,"""Bob Yates(1)"",""Bob Yates(2)""","""Bob Yates"""
Boulder,City of Boulder Mayoral,UPLOADED,99627,106-67-113,"""Bob Yates(1)"",""Nicole Speer(4)""","""Bob Yates"""
Boulder,City of Boulder Mayoral,UPLOADED,103331,101-171-88,"""Bob Yates(1)"",""Aaron Brockett(2)"",""Paul Tweedlie(3)"",""Aaron Brockett(4)""","""Bob Yates"",""Aaron Brockett"",""Paul Tweedlie"""
Boulder,City of Boulder Mayoral,UPLOADED,103474,102-195-143,"""Aaron Brockett(1)"",""Bob Yates(2)"",""Paul Tweedlie(3)"",""Aaron Brockett(4)""","""Aaron Brockett"",""Bob Yates"",""Paul Tweedlie"""
Boulder,City of Boulder Mayoral,UPLOADED,103476,102-195-45,"""Aaron Brockett(1)"",""Nicole Speer(2)"",""Bob Yates(4)""","""Aaron Brockett"",""Nicole Speer"""
Boulder,City of Boulder Mayoral,UPLOADED,103772,108-89-96,"""Bob Yates(1)"",""Paul Tweedlie(4)""","""Bob Yates"""
Boulder,City of Boulder Mayoral,UPLOADED,103773,108-89-27,"""Bob Yates(1)"",""Bob Yates(2)"",""Bob Yates(3)"",""Bob Yates(4)""","""Bob Yates"""
Boulder,City of Boulder Mayoral,UPLOADED,104211,102-196-40,"""Aaron Brockett(1)"",""Aaron Brockett(2)"",""Aaron Brockett(3)"",""Aaron Brockett(4)""","""Aaron Brockett"""
Boulder,City of Boulder Mayoral,UPLOADED,106999,101-177-46,"""Aaron Brockett(1)"",""Nicole Speer(2)"",""Bob Yates(4)""","""Aaron Brockett"",""Nicole Speer"""
Boulder,City of Boulder Mayoral,UPLOADED,107005,101-177-128,"""Aaron Brockett(1)"",""Nicole Speer(2)"",""Paul Tweedlie(3)"",""Nicole Speer(4)""","""Aaron Brockett"",""Nicole Speer"",""Paul Tweedlie"""
Boulder,City of Boulder Mayoral,UPLOADED,107595,101-178-117,"""Aaron Brockett(4)"",""Nicole Speer(4)"",""Bob Yates(4)"",""Paul Tweedlie(4)""",""
Boulder,City of Boulder Mayoral,UPLOADED,107598,101-178-133,"""Aaron Brockett(1)"",""Aaron Brockett(2)""","""Aaron Brockett"""
Boulder,City of Boulder Mayoral,UPLOADED,107599,101-178-114,"""Bob Yates(1)"",""Paul Tweedlie(1)"",""Aaron Brockett(2)"",""Paul Tweedlie(2)"",""Paul Tweedlie(3)"",""Paul Tweedlie(4)""",""
Boulder,City of Boulder Mayoral,UPLOADED,110866,102-209-92,"""Aaron Brockett(1)"",""Bob Yates(4)""","""Aaron Brockett"""
Boulder,City of Boulder Mayoral,UPLOADED,112678,108-100-31,"""Nicole Speer(1)"",""Paul Tweedlie(2)"",""Aaron Brockett(3)"",""Paul Tweedlie(4)""","""Nicole Speer"",""Paul Tweedlie"",""Aaron Brockett"""
Boulder,City of Boulder Mayoral,UPLOADED,112680,108-100-48,"""Bob Yates(1)"",""Nicole Speer(2)"",""Aaron Brockett(3)"",""Bob Yates(3)"",""Paul Tweedlie(4)""","""Bob Yates"",""Nicole Speer"",""Aaron Brockett"",""Paul Tweedlie"""
Boulder,City of Boulder Mayoral,UPLOADED,112681,108-100-159,"""Aaron Brockett(1)"",""Nicole Speer(2)"",""Nicole Speer(3)""","""Aaron Brockett"",""Nicole Speer"""
Boulder,City of Boulder Mayoral,UPLOADED,112683,108-100-58,"""Nicole Speer(1)"",""Aaron Brockett(4)""","""Nicole Speer"""
Boulder,City of Boulder Mayoral,UPLOADED,112833,108-101-91,"""Aaron Brockett(1)"",""Paul Tweedlie(2)"",""Nicole Speer(3)"",""Paul Tweedlie(4)""","""Aaron Brockett"",""Paul Tweedlie"",""Nicole Speer"""
Boulder,City of Boulder Mayoral,UPLOADED,112963,108-102-43,"""Bob Yates(1)"",""Bob Yates(2)"",""Bob Yates(3)"",""Bob Yates(4)""","""Bob Yates"""
Boulder,City of Boulder Mayoral,UPLOADED,114593,102-213-62,"""Paul Tweedlie(1)"",""Paul Tweedlie(2)"",""Paul Tweedlie(3)"",""Paul Tweedlie(4)""","""Paul Tweedlie"""
Boulder,City of Boulder Mayoral,UPLOADED,114595,102-213-5,"""Aaron Brockett(1)"",""Bob Yates(1)"",""Bob Yates(2)"",""Paul Tweedlie(4)""",""
Boulder,City of Boulder Mayoral,UPLOADED,114597,102-213-47,"""Bob Yates(1)"",""Aaron Brockett(2)"",""Nicole Speer(3)"",""Bob Yates(4)""","""Bob Yates"",""Aaron Brockett"",""Nicole Speer"""
Boulder,City of Boulder Mayoral,UPLOADED,115043,103-74-33,"""Aaron Brockett(1)"",""Bob Yates(3)"",""Paul Tweedlie(4)""","""Aaron Brockett"""
Boulder,City of Boulder Mayoral,UPLOADED,115196,103-75-89,"""Nicole Speer(1)"",""Aaron Brockett(2)"",""Paul Tweedlie(3)"",""Aaron Brockett(4)""","""Nicole Speer"",""Aaron Brockett"",""Paul Tweedlie"""
Boulder,City of Boulder Mayoral,UPLOADED,118715,101-190-236,"""Nicole Speer(1)"",""Aaron Brockett(2)"",""Bob Yates(3)"",""Aaron Brockett(4)""","""Nicole Speer"",""Aaron Brockett"",""Bob Yates"""
Boulder,City of Boulder Mayoral,UPLOADED,118717,101-190-271,"""Bob Yates(1)"",""Nicole Speer(2)"",""Aaron Brockett(3)"",""Aaron Brockett(4)""","""Bob Yates"",""Nicole Speer"",""Aaron Brockett"""
Boulder,City of Boulder Mayoral,UPLOADED,118722,101-190-44,"""Paul Tweedlie(1)"",""Nicole Speer(2)"",""Paul Tweedlie(3)"",""Paul Tweedlie(4)""","""Paul Tweedlie"",""Nicole Speer"""
Boulder,City of Boulder Mayoral,UPLOADED,118725,101-190-278,"""Bob Yates(1)"",""Aaron Brockett(3)"",""Nicole Speer(4)"",""Paul Tweedlie(4)""","""Bob Yates"""
Boulder,City of Boulder Mayoral,UPLOADED,118732,101-190-84,"""Bob Yates(1)"",""Bob Yates(2)"",""Bob Yates(3)"",""Paul Tweedlie(4)""","""Bob Yates"""
Boulder,City of Boulder Mayoral,UPLOADED,118734,101-190-89,"""Bob Yates(1)"",""Nicole Speer(3)"",""Aaron Brockett(4)""","""Bob Yates"""
Boulder,City of Boulder Mayoral,UPLOADED,118735,101-190-359,"""Bob Yates(1)"",""Bob Yates(2)"",""Bob Yates(3)"",""Bob Yates(4)""","""Bob Yates"""
Boulder,City of Boulder Mayoral,UPLOADED,118738,101-190-124,"""Aaron Brockett(1)"",""Bob Yates(1)""",""
Boulder,City of Boulder Mayoral,UPLOADED,108640,103-68-109,"""Aaron Brockett(1)"",""Paul Tweedlie(4)""","""Aaron Brockett"""
Boulder,City of Boulder Mayoral,UPLOADED,109387,108-95-64,"""Bob Yates(1)"",""Aaron Brockett(2)"",""Bob Yates(3)"",""Nicole Speer(4)""","""Bob Yates"",""Aaron Brockett"""
Boulder,City of Boulder Mayoral,UPLOADED,109389,108-95-1,"""Bob Yates(1)"",""Bob Yates(2)"",""Bob Yates(3)"",""Bob Yates(4)""","""Bob Yates"""
Boulder,City of Boulder Mayoral,UPLOADED,109390,108-95-67,"""Bob Yates(1)"",""Bob Yates(2)"",""Bob Yates(3)"",""Bob Yates(4)""","""Bob Yates"""
Boulder,City of Boulder Mayoral,UPLOADED,110126,102-208-19,"""Bob Yates(1)"",""Nicole Speer(2)"",""Bob Yates(3)"",""Paul Tweedlie(4)""","""Bob Yates"",""Nicole Speer"""
Boulder,City of Boulder Mayoral,UPLOADED,110129,102-208-111,"""Aaron Brockett(1)"",""Nicole Speer(2)"",""Bob Yates(4)""","""Aaron Brockett"",""Nicole Speer"""
Boulder,City of Boulder Mayoral,UPLOADED,115979,103-77-94,"""Bob Yates(1)"",""Bob Yates(2)"",""Bob Yates(3)"",""Bob Yates(4)""","""Bob Yates"""
Boulder,City of Boulder Mayoral,UPLOADED,115981,103-77-95,"""Bob Yates(1)"",""Bob Yates(2)"",""Bob Yates(3)"",""Bob Yates(4)""","""Bob Yates"""
Boulder,City of Boulder Mayoral,UPLOADED,115983,103-77-55,"""Nicole Speer(1)"",""Bob Yates(2)"",""Nicole Speer(3)"",""Paul Tweedlie(4)""","""Nicole Speer"",""Bob Yates"""
Boulder,City of Boulder Mayoral,UPLOADED,116274,106-91-50,"""Aaron Brockett(1)"",""Nicole Speer(2)"",""Bob Yates(4)""","""Aaron Brockett"",""Nicole Speer"""
Boulder,City of Boulder Mayoral,UPLOADED,116277,106-91-102,"""Bob Yates(1)"",""Aaron Brockett(4)""","""Bob Yates"""
Boulder,City of Boulder Mayoral,UPLOADED,116425,102-218-129,"""Bob Yates(1)"",""Bob Yates(2)"",""Bob Yates(3)"",""Bob Yates(4)""","""Bob Yates"""
Boulder,City of Boulder Mayoral,UPLOADED,116426,102-218-119,"""Bob Yates(1)"",""Bob Yates(2)"",""Bob Yates(3)"",""Bob Yates(4)""","""Bob Yates"""
