[{"contest_name":"Adams COUNTY COMMISSIONER DISTRICT 3","choice":"Jeff Baker","votes":43},
{"contest_name":"Adams COUNTY COMMISSIONER DISTRICT 3","choice":"Janet Lee Cook","votes":1},
{"contest_name":"Alamosa COUNTY COMMISSIONER DISTRICT 3","choice":"Jeff Baker","votes":38},
{"contest_name":"Alamosa COUNTY COMMISSIONER DISTRICT 3","choice":"Janet Lee Cook","votes":1},
{"contest_name":"Boulder County Ballot Issue 1A","choice":"Yes/For","votes":94157},
{"contest_name":"Boulder County Ballot Issue 1A","choice":"No/Against","votes":22590},
{"contest_name":"Boulder County Ballot Issue 1B","choice":"Yes/For","votes":82803},
{"contest_name":"Boulder County Ballot Issue 1B","choice":"No/Against","votes":33080},
{"contest_name":"Boulder Valley School District RE-2 Director District A (4 Years)","choice":"Jason Unger","votes":32061},
{"contest_name":"Boulder Valley School District RE-2 Director District A (4 Years)","choice":"Neil Fishman","votes":22294},
{"contest_name":"Boulder Valley School District RE-2 Director District C (4 Years)","choice":"Alex Medler","votes":34599},
{"contest_name":"Boulder Valley School District RE-2 Director District C (4 Years)","choice":"Cynthia Nevison","votes":14000},
{"contest_name":"Boulder Valley School District RE-2 Director District C (4 Years)","choice":"Andrew Steffl","votes":5324},
{"contest_name":"Boulder Valley School District RE-2 Director District D (4 Years)","choice":"Lalenia Quinlan Aweida","votes":30680},
{"contest_name":"Boulder Valley School District RE-2 Director District D (4 Years)","choice":"Andrew Brandt","votes":22844},
{"contest_name":"Boulder Valley School District RE-2 Director District G (4 Years)","choice":"Jorge Chavez","votes":33483},
{"contest_name":"Boulder Valley School District RE-2 Director District G (4 Years)","choice":"Stuart Lord","votes":13119},
{"contest_name":"Boulder Valley School District RE-2 Director District G (4 Years)","choice":"Anil Kiran Pesaramelli","votes":7246},
{"contest_name":"City of Boulder Ballot Issue 2A","choice":"Yes/For","votes":24740},
{"contest_name":"City of Boulder Ballot Issue 2A","choice":"No/Against","votes":8452},
{"contest_name":"City of Boulder Ballot Question 2B","choice":"Yes/For","votes":26068},
{"contest_name":"City of Boulder Ballot Question 2B","choice":"No/Against","votes":4134},
{"contest_name":"City of Boulder Ballot Question 302","choice":"Yes/For","votes":20197},
{"contest_name":"City of Boulder Ballot Question 302","choice":"No/Against","votes":12945},
{"contest_name":"City of Boulder Council","choice":"Tara Winer","votes":21202},
{"contest_name":"City of Boulder Council","choice":"Tina Marquis","votes":14921},
{"contest_name":"City of Boulder Council","choice":"Taishya Adams","votes":14603},
{"contest_name":"City of Boulder Council","choice":"Ryan Schuchard","votes":14373},
{"contest_name":"City of Boulder Council","choice":"Terri Brncic","votes":14327},
{"contest_name":"City of Boulder Council","choice":"Jenny Robins","votes":11209},
{"contest_name":"City of Boulder Council","choice":"Waylon Lewis","votes":8837},
{"contest_name":"City of Boulder Council","choice":"Silas Atkins","votes":6814},
{"contest_name":"City of Boulder Council","choice":"Aaron Gabriel Neyer","votes":3468},
{"contest_name":"City of Boulder Council","choice":"Jacques Decalo","votes":3314},
{"contest_name":"City of Lafayette City Council","choice":"JD Mangat","votes":7852},
{"contest_name":"City of Lafayette City Council","choice":"Tim Barnes","votes":6408},
{"contest_name":"City of Lafayette City Council","choice":"David Fridland","votes":6088},
{"contest_name":"City of Lafayette City Council","choice":"Crystal Gallegos","votes":3558},
{"contest_name":"City of Lafayette City Council","choice":"Eric Ryant","votes":3447},
{"contest_name":"City of Lafayette City Council","choice":"Gala W. Orba","votes":2870},
{"contest_name":"City of Lafayette City Council","choice":"John W. Watson","votes":1690},
{"contest_name":"City of Longmont Ballot Issue 3C","choice":"No/Against","votes":21641},
{"contest_name":"City of Longmont Ballot Issue 3C","choice":"Yes/For","votes":11382},
{"contest_name":"City of Longmont Ballot Issue 3D","choice":"No/Against","votes":22134},
{"contest_name":"City of Longmont Ballot Issue 3D","choice":"Yes/For","votes":10885},
{"contest_name":"City of Longmont Ballot Issue 3E","choice":"No/Against","votes":22618},
{"contest_name":"City of Longmont Ballot Issue 3E","choice":"Yes/For","votes":10387},
{"contest_name":"City of Longmont - City Council Member At-Large","choice":"Sean P. McCoy","votes":14331},
{"contest_name":"City of Longmont - City Council Member At-Large","choice":"Steve Altschuler","votes":8731},
{"contest_name":"City of Longmont - City Council Member At-Large","choice":"Beka Venturella","votes":7193},
{"contest_name":"City of Longmont - Council Member Ward 1","choice":"Diane Crist","votes":3741},
{"contest_name":"City of Longmont - Council Member Ward 1","choice":"Nia Wassink","votes":2867},
{"contest_name":"City of Longmont - Council Member Ward 1","choice":"Harrison Earl","votes":2493},
{"contest_name":"City of Longmont - Council Member Ward 3","choice":"Susie Hidalgo-Fahring","votes":4570},
{"contest_name":"City of Longmont - Council Member Ward 3","choice":"Gary Hodges","votes":4075},
{"contest_name":"City of Longmont - Council Member Ward 3","choice":"Ron Gallegos","votes":1877},
{"contest_name":"City of Longmont - Council Member Ward 3","choice":"Spencer Adams","votes":526},
{"contest_name":"City of Longmont - Mayor","choice":"Joan Peck","votes":18819},
{"contest_name":"City of Longmont - Mayor","choice":"Terri Goon","votes":8046},
{"contest_name":"City of Longmont - Mayor","choice":"Ethan Augreen","votes":4311},
{"contest_name":"City of Longmont Municipal Court Judge - Frick","choice":"Yes/For","votes":19122},
{"contest_name":"City of Longmont Municipal Court Judge - Frick","choice":"No/Against","votes":8917},
{"contest_name":"City of Louisville Ballot Issue 2C","choice":"Yes/For","votes":5892},
{"contest_name":"City of Louisville Ballot Issue 2C","choice":"No/Against","votes":2612},
{"contest_name":"City of Louisville City Council Ward 1 (4-year term)","choice":"J. Caleb Dickinson","votes":1804},
{"contest_name":"City of Louisville City Council Ward 2 (4-year term)","choice":"Deborah Fahey","votes":1389},
{"contest_name":"City of Louisville City Council Ward 2 (4-year term)","choice":"George Colbert","votes":1185},
{"contest_name":"City of Louisville City Council Ward 3","choice":"Barbara Hamlington","votes":1931},
{"contest_name":"City of Louisville City Council Ward 3","choice":"Dietrich Hoefner","votes":977},
{"contest_name":"City of Louisville Mayor At-Large (4 Year Term)","choice":"Chris Leh","votes":4709},
{"contest_name":"City of Louisville Mayor At-Large (4 Year Term)","choice":"Sherry Sommer","votes":2107},
{"contest_name":"City of Louisville Mayor At-Large (4 Year Term)","choice":"Josh Cooperman","votes":1316},
{"contest_name":"Estes Park School District R-3 School Board Director At Large (4 Year)","choice":"Brenda L. Wyss","votes":110},
{"contest_name":"Estes Park School District R-3 School Board Director At Large (4 Year)","choice":"Brad Shochat","votes":99},
{"contest_name":"Estes Park School District R-3 School Board Director At Large (4 Year)","choice":"Kyri Cox","votes":49},
{"contest_name":"Estes Park School District R-3 School Board Director At Large (4 Year)","choice":"Kevin G. Morris","votes":43},
{"contest_name":"Nederland Eco Pass Public Improvement District Ballot Issue 6A","choice":"Yes/For","votes":1209},
{"contest_name":"Nederland Eco Pass Public Improvement District Ballot Issue 6A","choice":"No/Against","votes":305},
{"contest_name":"North Metro Fire Rescue District Ballot Issue 7A","choice":"Yes/For","votes":17},
{"contest_name":"North Metro Fire Rescue District Ballot Issue 7A","choice":"No/Against","votes":9},
{"contest_name":"Proposition HH (Statutory)","choice":"Yes/For","votes":68407},
{"contest_name":"Proposition HH (Statutory)","choice":"No/Against","votes":47875},
{"contest_name":"Proposition II (Statutory)","choice":"Yes/For","votes":96191},
{"contest_name":"Proposition II (Statutory)","choice":"No/Against","votes":20178},
{"contest_name":"Regent of the University of Colorado","choice":"Clear Winner","votes":244},
{"contest_name":"Regent of the University of Colorado","choice":"Distant Loser","votes":28},
{"contest_name":"Thompson R2-J School District Board of Education Director District A (4 Year Term)","choice":"Dawn Kirk","votes":7},
{"contest_name":"Thompson R2-J School District Board of Education Director District A (4 Year Term)","choice":"Ryan Wilcken","votes":2},
{"contest_name":"Thompson R2-J School District Board of Education Director District C (4 Year Term)","choice":"Briah Freeman","votes":8},
{"contest_name":"Thompson R2-J School District Board of Education Director District C (4 Year Term)","choice":"Nancy Rumfelt","votes":1},
{"contest_name":"Thompson R2-J School District Board of Education Director District D (4 Year Term)","choice":"Denise Alvine Chapman","votes":7},
{"contest_name":"Thompson R2-J School District Board of Education Director District D (4 Year Term)","choice":"Yazmin Navarro","votes":2},
{"contest_name":"Thompson R2-J School District Board of Education Director District G (4 Year Term)","choice":"Stu Boyd","votes":7},
{"contest_name":"Thompson R2-J School District Board of Education Director District G (4 Year Term)","choice":"Elizabeth Kearney","votes":3},
{"contest_name":"Town of Erie Ballot Question 3A","choice":"Yes/For","votes":2970},
{"contest_name":"Town of Erie Ballot Question 3A","choice":"No/Against","votes":1808},
{"contest_name":"Town of Erie Ballot Question 3B","choice":"Yes/For","votes":2919},
{"contest_name":"Town of Erie Ballot Question 3B","choice":"No/Against","votes":2073},
{"contest_name":"Town of Superior Ballot Question 301","choice":"Yes/For","votes":2321},
{"contest_name":"Town of Superior Ballot Question 301","choice":"No/Against","votes":1379},
{"contest_name":"Town of Superior - Home Rule Charter Commission","choice":"Clint Folsom","votes":1999},
{"contest_name":"Town of Superior - Home Rule Charter Commission","choice":"Jeff Chu","votes":1926},
{"contest_name":"Town of Superior - Home Rule Charter Commission","choice":"Claire Dixon","votes":1913},
{"contest_name":"Town of Superior - Home Rule Charter Commission","choice":"Heather Cracraft","votes":1907},
{"contest_name":"Town of Superior - Home Rule Charter Commission","choice":"Mike Foster","votes":1633},
{"contest_name":"Town of Superior - Home Rule Charter Commission","choice":"Ryan Welch","votes":1543},
{"contest_name":"Town of Superior - Home Rule Charter Commission","choice":"Chris Hanson","votes":1510},
{"contest_name":"Town of Superior - Home Rule Charter Commission","choice":"Ryan Hitchler","votes":1488},
{"contest_name":"Town of Superior - Home Rule Charter Commission","choice":"Dalton Valette","votes":1469},
{"contest_name":"Town of Superior - Home Rule Charter Commission","choice":"Stephanie Schader","votes":1423},
{"contest_name":"Town of Superior - Home Rule Charter Commission","choice":"Sean Maday","votes":1267}]