county_name,contest_name,choice,votes
Adams,Regent of the University of Colorado,Clear Winner,122
Adams,Regent of the University of Colorado,Distant Loser,14
Adams,Adams COUNTY COMMISSIONER DISTRICT 3,Jeff Baker,43
Adams,Adams COUNTY COMMISSIONER DISTRICT 3,Janet Lee Cook,1
Alamosa,Regent of the University of Colorado,Clear Winner,122
Alamosa,Regent of the University of Colorado,Distant Loser,14
Alamosa,Alamosa COUNTY COMMISSIONER DISTRICT 3,Jeff Baker,38
Alamosa,Alamosa COUNTY COMMISSIONER DISTRICT 3,Janet Lee Cook,1
Boulder,City of Boulder Council,Tara Winer,21202
Boulder,City of Boulder Council,Tina Marquis,14921
Boulder,City of Boulder Council,Taishya Adams,14603
Boulder,City of Boulder Council,Ryan Schuchard,14373
Boulder,City of Boulder Council,Terri Brncic,14327
Boulder,City of Boulder Council,Jenny Robins,11209
Boulder,City of Boulder Council,Waylon Lewis,8837
Boulder,City of Boulder Council,Silas Atkins,6814
Boulder,City of Boulder Council,Aaron Gabriel Neyer,3468
Boulder,City of Boulder Council,Jacques Decalo,3314
Boulder,City of Lafayette City Council,JD Mangat,7852
Boulder,City of Lafayette City Council,Tim Barnes,6408
Boulder,City of Lafayette City Council,David Fridland,6088
Boulder,City of Lafayette City Council,Crystal Gallegos,3558
Boulder,City of Lafayette City Council,Eric Ryant,3447
Boulder,City of Lafayette City Council,Gala W. Orba,2870
Boulder,City of Lafayette City Council,John W. Watson,1690
Boulder,City of Longmont - Mayor,Joan Peck,18819
Boulder,City of Longmont - Mayor,Terri Goon,8046
Boulder,City of Longmont - Mayor,Ethan Augreen,4311
Boulder,City of Longmont - City Council Member At-Large,Sean P. McCoy,14331
Boulder,City of Longmont - City Council Member At-Large,Steve Altschuler,8731
Boulder,City of Longmont - City Council Member At-Large,Beka Venturella,7193
Boulder,City of Longmont - Council Member Ward 1,Diane Crist,3741
Boulder,City of Longmont - Council Member Ward 1,Nia Wassink,2867
Boulder,City of Longmont - Council Member Ward 1,Harrison Earl,2493
Boulder,City of Longmont - Council Member Ward 3,Susie Hidalgo-Fahring,4570
Boulder,City of Longmont - Council Member Ward 3,Gary Hodges,4075
Boulder,City of Longmont - Council Member Ward 3,Ron Gallegos,1877
Boulder,City of Longmont - Council Member Ward 3,Spencer Adams,526
Boulder,City of Louisville Mayor At-Large (4 Year Term),Chris Leh,4709
Boulder,City of Louisville Mayor At-Large (4 Year Term),Sherry Sommer,2107
Boulder,City of Louisville Mayor At-Large (4 Year Term),Josh Cooperman,1316
Boulder,City of Louisville City Council Ward 1 (4-year term),J. Caleb Dickinson,1804
Boulder,City of Louisville City Council Ward 2 (4-year term),Deborah Fahey,1389
Boulder,City of Louisville City Council Ward 2 (4-year term),George Colbert,1185
Boulder,City of Louisville City Council Ward 3,Barbara Hamlington,1931
Boulder,City of Louisville City Council Ward 3,Dietrich Hoefner,977
Boulder,Boulder Valley School District RE-2 Director District A (4 Years),Jason Unger,32061
Boulder,Boulder Valley School District RE-2 Director District A (4 Years),Neil Fishman,22294
Boulder,Boulder Valley School District RE-2 Director District C (4 Years),Alex Medler,34599
Boulder,Boulder Valley School District RE-2 Director District C (4 Years),Cynthia Nevison,14000
Boulder,Boulder Valley School District RE-2 Director District C (4 Years),Andrew Steffl,5324
Boulder,Boulder Valley School District RE-2 Director District D (4 Years),Lalenia Quinlan Aweida,30680
Boulder,Boulder Valley School District RE-2 Director District D (4 Years),Andrew Brandt,22844
Boulder,Boulder Valley School District RE-2 Director District G (4 Years),Jorge Chavez,33483
Boulder,Boulder Valley School District RE-2 Director District G (4 Years),Stuart Lord,13119
Boulder,Boulder Valley School District RE-2 Director District G (4 Years),Anil Kiran Pesaramelli,7246
Boulder,Estes Park School District R-3 School Board Director At Large (4 Year),Brenda L. Wyss,110
Boulder,Estes Park School District R-3 School Board Director At Large (4 Year),Brad Shochat,99
Boulder,Estes Park School District R-3 School Board Director At Large (4 Year),Kyri Cox,49
Boulder,Estes Park School District R-3 School Board Director At Large (4 Year),Kevin G. Morris,43
Boulder,Thompson R2-J School District Board of Education Director District A (4 Year Term),Dawn Kirk,7
Boulder,Thompson R2-J School District Board of Education Director District A (4 Year Term),Ryan Wilcken,2
Boulder,Thompson R2-J School District Board of Education Director District C (4 Year Term),Briah Freeman,8
Boulder,Thompson R2-J School District Board of Education Director District C (4 Year Term),Nancy Rumfelt,1
Boulder,Thompson R2-J School District Board of Education Director District D (4 Year Term),Denise Alvine Chapman,7
Boulder,Thompson R2-J School District Board of Education Director District D (4 Year Term),Yazmin Navarro,2
Boulder,Thompson R2-J School District Board of Education Director District G (4 Year Term),Stu Boyd,7
Boulder,Thompson R2-J School District Board of Education Director District G (4 Year Term),Elizabeth Kearney,3
Boulder,City of Longmont Municipal Court Judge - Frick,Yes/For,19122
Boulder,City of Longmont Municipal Court Judge - Frick,No/Against,8917
Boulder,Proposition HH (Statutory),Yes/For,68407
Boulder,Proposition HH (Statutory),No/Against,47875
Boulder,Proposition II (Statutory),Yes/For,96191
Boulder,Proposition II (Statutory),No/Against,20178
Boulder,Boulder County Ballot Issue 1A,Yes/For,94157
Boulder,Boulder County Ballot Issue 1A,No/Against,22590
Boulder,Boulder County Ballot Issue 1B,Yes/For,82803
Boulder,Boulder County Ballot Issue 1B,No/Against,33080
Boulder,City of Boulder Ballot Issue 2A,Yes/For,24740
Boulder,City of Boulder Ballot Issue 2A,No/Against,8452
Boulder,City of Boulder Ballot Question 2B,Yes/For,26068
Boulder,City of Boulder Ballot Question 2B,No/Against,4134
Boulder,City of Boulder Ballot Question 302,Yes/For,20197
Boulder,City of Boulder Ballot Question 302,No/Against,12945
Boulder,Town of Erie Ballot Question 3A,Yes/For,2970
Boulder,Town of Erie Ballot Question 3A,No/Against,1808
Boulder,Town of Erie Ballot Question 3B,Yes/For,2919
Boulder,Town of Erie Ballot Question 3B,No/Against,2073
Boulder,City of Longmont Ballot Issue 3C,No/Against,21641
Boulder,City of Longmont Ballot Issue 3C,Yes/For,11382
Boulder,City of Longmont Ballot Issue 3D,No/Against,22134
Boulder,City of Longmont Ballot Issue 3D,Yes/For,10885
Boulder,City of Longmont Ballot Issue 3E,No/Against,22618
Boulder,City of Longmont Ballot Issue 3E,Yes/For,10387
Boulder,City of Louisville Ballot Issue 2C,Yes/For,5892
Boulder,City of Louisville Ballot Issue 2C,No/Against,2612
Boulder,Town of Superior Ballot Question 301,Yes/For,2321
Boulder,Town of Superior Ballot Question 301,No/Against,1379
Boulder,Town of Superior - Home Rule Charter Commission,Clint Folsom,1999
Boulder,Town of Superior - Home Rule Charter Commission,Jeff Chu,1926
Boulder,Town of Superior - Home Rule Charter Commission,Claire Dixon,1913
Boulder,Town of Superior - Home Rule Charter Commission,Heather Cracraft,1907
Boulder,Town of Superior - Home Rule Charter Commission,Mike Foster,1633
Boulder,Town of Superior - Home Rule Charter Commission,Ryan Welch,1543
Boulder,Town of Superior - Home Rule Charter Commission,Chris Hanson,1510
Boulder,Town of Superior - Home Rule Charter Commission,Ryan Hitchler,1488
Boulder,Town of Superior - Home Rule Charter Commission,Dalton Valette,1469
Boulder,Town of Superior - Home Rule Charter Commission,Stephanie Schader,1423
Boulder,Town of Superior - Home Rule Charter Commission,Sean Maday,1267
Boulder,Nederland Eco Pass Public Improvement District Ballot Issue 6A,Yes/For,1209
Boulder,Nederland Eco Pass Public Improvement District Ballot Issue 6A,No/Against,305
Boulder,North Metro Fire Rescue District Ballot Issue 7A,Yes/For,17
Boulder,North Metro Fire Rescue District Ballot Issue 7A,No/Against,9
