[{"name":"Boulder","filename":"Boulder-IRV-Manifest.csv","type":"manifest","approx_count":821,"size":16596,"status":"IMPORTED","timestamp":"2024-09-12T22:01:21.730341","computed_hash":"DDEF95409A42819F31FF1246974D995F8317B751537EFD6ED1F746F6616A2383","submitted_hash":"DDEF95409A42819F31FF1246974D995F8317B751537EFD6ED1F746F6616A2383"},
{"name":"Boulder","filename":"7-boulder-2023-plusByron-7.csv","type":"CVRs","approx_count":118673,"size":31474461,"status":"IMPORTED","timestamp":"2024-09-12T22:01:22.739028","computed_hash":"94E54D6FB4B41D592ED212597FDBCCE44DBD531CFF66E20CB4230E182B669FAC","submitted_hash":"94E54D6FB4B41D592ED212597FDBCCE44DBD531CFF66E20CB4230E182B669FAC"},
{"name":"Adams","filename":"1-adams-plusByron-1-manifest.csv","type":"manifest","approx_count":8,"size":232,"status":"IMPORTED","timestamp":"2024-09-12T22:03:16.113726","computed_hash":"4EDBBC866D91D380CA83E02821056FCE49BF19F2C893C777CBFD3B17788EB366","submitted_hash":"4EDBBC866D91D380CA83E02821056FCE49BF19F2C893C777CBFD3B17788EB366"},
{"name":"Adams","filename":"1-adams-cvrexport-plusByron-1.csv","type":"CVRs","approx_count":288,"size":64925,"status":"IMPORTED","timestamp":"2024-09-12T22:03:16.516898","computed_hash":"225578912F620A42740B3EFE076E679BB3EE3E08CE70C6982EAF19D033D819BE","submitted_hash":"225578912F620A42740B3EFE076E679BB3EE3E08CE70C6982EAF19D033D819BE"},
{"name":"Alamosa","filename":"2-alamosa-plusByron-2-manifest.csv","type":"manifest","approx_count":8,"size":222,"status":"IMPORTED","timestamp":"2024-09-12T22:03:17.462283","computed_hash":"580881855FE76F0B9F0AD314ADD90576B8A7C164C0D04B3A8F1181656772DBF8","submitted_hash":"580881855FE76F0B9F0AD314ADD90576B8A7C164C0D04B3A8F1181656772DBF8"},
{"name":"Alamosa","filename":"2-alamosa-cvrexport-plusByron-2.csv","type":"CVRs","approx_count":288,"size":64869,"status":"IMPORTED","timestamp":"2024-09-12T22:03:17.734837","computed_hash":"039936D21D7AE6E49874DDD9E1A32A7E9152F46F51223AA43EBEE380ED5B35FE","submitted_hash":"039936D21D7AE6E49874DDD9E1A32A7E9152F46F51223AA43EBEE380ED5B35FE"},
{"name":"Arapahoe","filename":"Byron-3-manifest.csv","type":"manifest","approx_count":5,"size":158,"status":"IMPORTED","timestamp":"2024-09-12T22:03:18.379944","computed_hash":"8764688E65C2EE8E19537017293528E133107E4B57BF54F274FAF0D0555C9453","submitted_hash":"8764688E65C2EE8E19537017293528E133107E4B57BF54F274FAF0D0555C9453"},
{"name":"Arapahoe","filename":"3-arapahoe-Byron-3-plus-tied-irv.csv","type":"CVRs","approx_count":288,"size":68805,"status":"IMPORTED","timestamp":"2024-09-12T22:03:18.646041","computed_hash":"B847FAC58089535BEFFAC414F37D9878F12E689EDD0D50D0FB4F37D489BF6B44","submitted_hash":"B847FAC58089535BEFFAC414F37D9878F12E689EDD0D50D0FB4F37D489BF6B44"},
{"name":"Archuleta","filename":"Kempsey_Mayoral.manifest.csv","type":"manifest","approx_count":227,"size":5822,"status":"IMPORTED","timestamp":"2024-09-12T22:03:19.455851","computed_hash":"B2B44B46CFCB187918EB89193DA67EAC5BEF72995AE211120CE01A205908F0CF","submitted_hash":"B2B44B46CFCB187918EB89193DA67EAC5BEF72995AE211120CE01A205908F0CF"},
{"name":"Archuleta","filename":"4-archuleta-kempsey-plusByron-4.csv","type":"CVRs","approx_count":17589,"size":4080944,"status":"IMPORTED","timestamp":"2024-09-12T22:03:19.917914","computed_hash":"86CBC8AC4F168CB88AC40DAD6BAEAE770F8F4D8111C52907C4F46B1383DD3130","submitted_hash":"86CBC8AC4F168CB88AC40DAD6BAEAE770F8F4D8111C52907C4F46B1383DD3130"},
{"name":"Baca","filename":"Byron-5-manifest.csv","type":"manifest","approx_count":5,"size":158,"status":"IMPORTED","timestamp":"2024-09-12T22:03:20.747159","computed_hash":"C892C7839ADC865951518655B25097C7530BE532FA9433CDE26641BEBEF22A3C","submitted_hash":"C892C7839ADC865951518655B25097C7530BE532FA9433CDE26641BEBEF22A3C"},
{"name":"Baca","filename":"Byron-5.csv","type":"CVRs","approx_count":288,"size":65580,"status":"IMPORTED","timestamp":"2024-09-12T22:03:21.056165","computed_hash":"C3C854A20EF0F9FD2A73BFDA6004DFB8880085C595B95B36D35E9435C1AE8F2C","submitted_hash":"C3C854A20EF0F9FD2A73BFDA6004DFB8880085C595B95B36D35E9435C1AE8F2C"},
{"name":"Bent","filename":"Byron-6-manifest.csv","type":"manifest","approx_count":5,"size":158,"status":"IMPORTED","timestamp":"2024-09-12T22:03:22.033407","computed_hash":"FC8853DBBD7A39E7391D5CEA74EFB5501FA64C7E0F8E9D60504C7CB5C158B968","submitted_hash":"FC8853DBBD7A39E7391D5CEA74EFB5501FA64C7E0F8E9D60504C7CB5C158B968"},
{"name":"Bent","filename":"Byron-6.csv","type":"CVRs","approx_count":288,"size":65580,"status":"IMPORTED","timestamp":"2024-09-12T22:03:22.401946","computed_hash":"42B2C09C4DE6C676FD2D87D272CED6755EDB6E9D094CD7F68CDE736EE79589AE","submitted_hash":"42B2C09C4DE6C676FD2D87D272CED6755EDB6E9D094CD7F68CDE736EE79589AE"},
{"name":"Chaffee","filename":"Byron-8-manifest.csv","type":"manifest","approx_count":5,"size":158,"status":"IMPORTED","timestamp":"2024-09-12T22:03:23.313077","computed_hash":"6656C9AACB8D0558DAA74A02503A1479F53EF6BF52026804EECAA362443C5068","submitted_hash":"6656C9AACB8D0558DAA74A02503A1479F53EF6BF52026804EECAA362443C5068"},
{"name":"Chaffee","filename":"Byron-8.csv","type":"CVRs","approx_count":288,"size":65580,"status":"IMPORTED","timestamp":"2024-09-12T22:03:23.55701","computed_hash":"E3B26EF019BC90CAEAAB8C0CD07FA2B4887CD22812781A49B08E71BE5A31E9F3","submitted_hash":"E3B26EF019BC90CAEAAB8C0CD07FA2B4887CD22812781A49B08E71BE5A31E9F3"},
{"name":"Cheyenne","filename":"Byron-9-manifest.csv","type":"manifest","approx_count":5,"size":158,"status":"IMPORTED","timestamp":"2024-09-12T22:03:24.586155","computed_hash":"9786CE14932C153E9EFFBF6FAFDFBC6D019FF6AFBFFA0A89601ADB5255030517","submitted_hash":"9786CE14932C153E9EFFBF6FAFDFBC6D019FF6AFBFFA0A89601ADB5255030517"},
{"name":"Cheyenne","filename":"Byron-9.csv","type":"CVRs","approx_count":288,"size":65580,"status":"IMPORTED","timestamp":"2024-09-12T22:03:24.889215","computed_hash":"263E749D8D8CA97D70F2D2AEA781DBC7F14AEB42653351538FBA42586851EA46","submitted_hash":"263E749D8D8CA97D70F2D2AEA781DBC7F14AEB42653351538FBA42586851EA46"},
{"name":"Clear Creek","filename":"Byron-10-manifest.csv","type":"manifest","approx_count":5,"size":162,"status":"IMPORTED","timestamp":"2024-09-12T22:03:25.725125","computed_hash":"7B18F931FA94B84587F6DF708A2A946321DFF92603514A62E92A77802E890079","submitted_hash":"7B18F931FA94B84587F6DF708A2A946321DFF92603514A62E92A77802E890079"},
{"name":"Clear Creek","filename":"Byron-10.csv","type":"CVRs","approx_count":288,"size":65580,"status":"IMPORTED","timestamp":"2024-09-12T22:03:26.068765","computed_hash":"014C68FA1EBB27F2F41EC9EF30B82D4424A996811578DB577DDA06E5A8A18555","submitted_hash":"014C68FA1EBB27F2F41EC9EF30B82D4424A996811578DB577DDA06E5A8A18555"},
{"name":"Conejos","filename":"Byron-11-manifest.csv","type":"manifest","approx_count":5,"size":162,"status":"IMPORTED","timestamp":"2024-09-12T22:03:27.068495","computed_hash":"3E79AB40D79E9611FFDC18DD0ECF6674B15670A68C219C750580863FBC28A6A6","submitted_hash":"3E79AB40D79E9611FFDC18DD0ECF6674B15670A68C219C750580863FBC28A6A6"},
{"name":"Conejos","filename":"Byron-11.csv","type":"CVRs","approx_count":288,"size":65580,"status":"IMPORTED","timestamp":"2024-09-12T22:03:27.377803","computed_hash":"676A46AC14D771D22B9B41000EE155750058361DE27218AA61FD5B79BF547F93","submitted_hash":"676A46AC14D771D22B9B41000EE155750058361DE27218AA61FD5B79BF547F93"},
{"name":"Costilla","filename":"Byron-12-manifest.csv","type":"manifest","approx_count":5,"size":162,"status":"IMPORTED","timestamp":"2024-09-12T22:03:28.136231","computed_hash":"E0F94CBBA7F75AF20A15D240D937876D66E0EE1D3AFA8A32C54616A25CA1D37D","submitted_hash":"E0F94CBBA7F75AF20A15D240D937876D66E0EE1D3AFA8A32C54616A25CA1D37D"},
{"name":"Costilla","filename":"Byron-12.csv","type":"CVRs","approx_count":288,"size":65580,"status":"IMPORTED","timestamp":"2024-09-12T22:03:28.542759","computed_hash":"96FD6D491380BFFB955F7A3B98C1246CE566C1ABD244FF84607A4A5A58E124D8","submitted_hash":"96FD6D491380BFFB955F7A3B98C1246CE566C1ABD244FF84607A4A5A58E124D8"},
{"name":"Crowley","filename":"Byron-13-manifest.csv","type":"manifest","approx_count":5,"size":162,"status":"IMPORTED","timestamp":"2024-09-12T22:03:29.473702","computed_hash":"06CD7B5619C1E3CE744A41AB0A3944CD1A41EEFBCEFBAE9A553CD035E53EB340","submitted_hash":"06CD7B5619C1E3CE744A41AB0A3944CD1A41EEFBCEFBAE9A553CD035E53EB340"},
{"name":"Crowley","filename":"Byron-13.csv","type":"CVRs","approx_count":288,"size":65580,"status":"IMPORTED","timestamp":"2024-09-12T22:03:29.844389","computed_hash":"0E198398C657A229739759F35ECE65D3533FB014712AD4124BAFA0FE2B0FFBC2","submitted_hash":"0E198398C657A229739759F35ECE65D3533FB014712AD4124BAFA0FE2B0FFBC2"},
{"name":"Custer","filename":"Byron-14-manifest.csv","type":"manifest","approx_count":5,"size":162,"status":"IMPORTED","timestamp":"2024-09-12T22:03:30.726564","computed_hash":"8FB45945243ECD898EFBF138CE0F943F1FEE99B5D998DDCDDC8E21CDD9900157","submitted_hash":"8FB45945243ECD898EFBF138CE0F943F1FEE99B5D998DDCDDC8E21CDD9900157"},
{"name":"Custer","filename":"Byron-14.csv","type":"CVRs","approx_count":288,"size":65580,"status":"IMPORTED","timestamp":"2024-09-12T22:03:30.907951","computed_hash":"3CA8D29F282B957C7A31CE2B3921773DE2087E5AF0F8DFD2C8B723146F5443F5","submitted_hash":"3CA8D29F282B957C7A31CE2B3921773DE2087E5AF0F8DFD2C8B723146F5443F5"},
{"name":"Delta","filename":"Byron-15-manifest.csv","type":"manifest","approx_count":5,"size":162,"status":"IMPORTED","timestamp":"2024-09-12T22:03:31.670049","computed_hash":"993052DC7E66484B736061A687C22D26067B575071305DC165F880FA86013474","submitted_hash":"993052DC7E66484B736061A687C22D26067B575071305DC165F880FA86013474"},
{"name":"Delta","filename":"Byron-15.csv","type":"CVRs","approx_count":288,"size":65580,"status":"IMPORTED","timestamp":"2024-09-12T22:03:31.831542","computed_hash":"1E086A125E794D50E4060968EB6182F7D19A02CE527B5C3D6F2F09B03AD94BB9","submitted_hash":"1E086A125E794D50E4060968EB6182F7D19A02CE527B5C3D6F2F09B03AD94BB9"},
{"name":"Denver","filename":"Byron-16-manifest.csv","type":"manifest","approx_count":5,"size":162,"status":"IMPORTED","timestamp":"2024-09-12T22:03:33.122425","computed_hash":"50197AD194EE9B1C91E4E805C667780DE6D63E3739B99DBB4729EF868EAB32F8","submitted_hash":"50197AD194EE9B1C91E4E805C667780DE6D63E3739B99DBB4729EF868EAB32F8"},
{"name":"Denver","filename":"Byron-16.csv","type":"CVRs","approx_count":288,"size":65580,"status":"IMPORTED","timestamp":"2024-09-12T22:03:33.423728","computed_hash":"724C03CDBFFA4BD9444B603F691548DB9A3E49DB25C11C6E9D0180E92607F65F","submitted_hash":"724C03CDBFFA4BD9444B603F691548DB9A3E49DB25C11C6E9D0180E92607F65F"},
{"name":"Dolores","filename":"Byron-17-manifest.csv","type":"manifest","approx_count":5,"size":162,"status":"IMPORTED","timestamp":"2024-09-12T22:03:34.358031","computed_hash":"37FEBF8DBDBC8767EF878803E33046E1F532AD60C24E00CBE32890D027BC7D01","submitted_hash":"37FEBF8DBDBC8767EF878803E33046E1F532AD60C24E00CBE32890D027BC7D01"},
{"name":"Dolores","filename":"Byron-17.csv","type":"CVRs","approx_count":288,"size":65580,"status":"IMPORTED","timestamp":"2024-09-12T22:03:34.556196","computed_hash":"0620C034D8EEB237C5AD1AF754236D79FD4059F685B05EF25DCD8DCD4BE0C0A2","submitted_hash":"0620C034D8EEB237C5AD1AF754236D79FD4059F685B05EF25DCD8DCD4BE0C0A2"},
{"name":"Douglas","filename":"Byron-18-manifest.csv","type":"manifest","approx_count":5,"size":162,"status":"IMPORTED","timestamp":"2024-09-12T22:03:35.538462","computed_hash":"C7EC45D6AB3E163643D7801AF505F5B95682928C99C11BFC2A66218B974BC187","submitted_hash":"C7EC45D6AB3E163643D7801AF505F5B95682928C99C11BFC2A66218B974BC187"},
{"name":"Douglas","filename":"Byron-18.csv","type":"CVRs","approx_count":288,"size":65580,"status":"IMPORTED","timestamp":"2024-09-12T22:03:35.982093","computed_hash":"17405B54BD326C2E9D19E2B7471F40C8F3BC72C74E751426D9BF3B6862F99F9D","submitted_hash":"17405B54BD326C2E9D19E2B7471F40C8F3BC72C74E751426D9BF3B6862F99F9D"},
{"name":"Eagle","filename":"Byron-19-manifest.csv","type":"manifest","approx_count":5,"size":162,"status":"IMPORTED","timestamp":"2024-09-12T22:03:36.958168","computed_hash":"530469FA48D1493E830A1F16F771CBCAF2B81F36D8F4528081AA08E1C0E0A8F8","submitted_hash":"530469FA48D1493E830A1F16F771CBCAF2B81F36D8F4528081AA08E1C0E0A8F8"},
{"name":"Eagle","filename":"Byron-19.csv","type":"CVRs","approx_count":288,"size":65580,"status":"IMPORTED","timestamp":"2024-09-12T22:03:37.174151","computed_hash":"A866F727CF9E4C400ADF1514B0CC8480FEB285D952676D184B9C179931529898","submitted_hash":"A866F727CF9E4C400ADF1514B0CC8480FEB285D952676D184B9C179931529898"},
{"name":"Elbert","filename":"Byron-20-manifest.csv","type":"manifest","approx_count":5,"size":162,"status":"IMPORTED","timestamp":"2024-09-12T22:03:38.248017","computed_hash":"2A88D4E4C0B3B1D243F62027A6AD92BDA0902B6C0C15CABB680EC1C3EF16A641","submitted_hash":"2A88D4E4C0B3B1D243F62027A6AD92BDA0902B6C0C15CABB680EC1C3EF16A641"},
{"name":"Elbert","filename":"Byron-20.csv","type":"CVRs","approx_count":288,"size":65580,"status":"IMPORTED","timestamp":"2024-09-12T22:03:38.676012","computed_hash":"B64628FFC743D06B6691E111C8A04D27278C6851ABEE7D7FB18A8682C1ED1C0E","submitted_hash":"B64628FFC743D06B6691E111C8A04D27278C6851ABEE7D7FB18A8682C1ED1C0E"},
{"name":"El Paso","filename":"Byron-21-manifest.csv","type":"manifest","approx_count":5,"size":162,"status":"IMPORTED","timestamp":"2024-09-12T22:03:39.889395","computed_hash":"24F4E6A0095C28FB072893401D1EC43CA5D38D99B9C3F4C1F0FA28E7A6F22079","submitted_hash":"24F4E6A0095C28FB072893401D1EC43CA5D38D99B9C3F4C1F0FA28E7A6F22079"},
{"name":"El Paso","filename":"Byron-21.csv","type":"CVRs","approx_count":288,"size":65580,"status":"IMPORTED","timestamp":"2024-09-12T22:03:40.263077","computed_hash":"E0C2A0A9BC5C1108556E76764B7ED76F6ACC3869399D472E0BA9C2F3D9922E88","submitted_hash":"E0C2A0A9BC5C1108556E76764B7ED76F6ACC3869399D472E0BA9C2F3D9922E88"},
{"name":"Fremont","filename":"Byron-22-manifest.csv","type":"manifest","approx_count":5,"size":162,"status":"IMPORTED","timestamp":"2024-09-12T22:03:41.432088","computed_hash":"266705A2F212E30B7BAE49B881E52F580561D64914170F2CF39B0F3D4EC36EDF","submitted_hash":"266705A2F212E30B7BAE49B881E52F580561D64914170F2CF39B0F3D4EC36EDF"},
{"name":"Fremont","filename":"Byron-22.csv","type":"CVRs","approx_count":288,"size":65580,"status":"IMPORTED","timestamp":"2024-09-12T22:03:41.857219","computed_hash":"D6E4D08075E3B74888CC5817F08B04F026F03111890507881D4D40EBB2383F31","submitted_hash":"D6E4D08075E3B74888CC5817F08B04F026F03111890507881D4D40EBB2383F31"},
{"name":"Garfield","filename":"Byron-23-manifest.csv","type":"manifest","approx_count":5,"size":162,"status":"IMPORTED","timestamp":"2024-09-12T22:03:42.748064","computed_hash":"1ADB8E16AB090B338DAAD8706CAC1F5388DF531D9079ED234A54444FB82492EB","submitted_hash":"1ADB8E16AB090B338DAAD8706CAC1F5388DF531D9079ED234A54444FB82492EB"},
{"name":"Garfield","filename":"Byron-23.csv","type":"CVRs","approx_count":288,"size":65580,"status":"IMPORTED","timestamp":"2024-09-12T22:03:43.070706","computed_hash":"DC20E5664CF7032FB3586E084E42C69F2EFBC779320C6CEE35A7FE88377777E0","submitted_hash":"DC20E5664CF7032FB3586E084E42C69F2EFBC779320C6CEE35A7FE88377777E0"},
{"name":"Gilpin","filename":"Byron-24-manifest.csv","type":"manifest","approx_count":5,"size":162,"status":"IMPORTED","timestamp":"2024-09-12T22:03:43.821731","computed_hash":"DA10F6EC9750B10270E746EAA7DBE82DFFEF6B1F1F477826BB191697A5EAE339","submitted_hash":"DA10F6EC9750B10270E746EAA7DBE82DFFEF6B1F1F477826BB191697A5EAE339"},
{"name":"Gilpin","filename":"Byron-24.csv","type":"CVRs","approx_count":288,"size":65580,"status":"IMPORTED","timestamp":"2024-09-12T22:03:44.053185","computed_hash":"E11EE2172B2348A429AE41EBC3930BAAC4FE9D9704A52FF8C5E5CD58AD09F166","submitted_hash":"E11EE2172B2348A429AE41EBC3930BAAC4FE9D9704A52FF8C5E5CD58AD09F166"},
{"name":"Grand","filename":"Byron-25-manifest.csv","type":"manifest","approx_count":5,"size":162,"status":"IMPORTED","timestamp":"2024-09-12T22:03:44.785448","computed_hash":"65460B0F6DC6A830C9241CAF4B5901E7DCE2C04D101A3576B357C7E377A23321","submitted_hash":"65460B0F6DC6A830C9241CAF4B5901E7DCE2C04D101A3576B357C7E377A23321"},
{"name":"Grand","filename":"Byron-25.csv","type":"CVRs","approx_count":288,"size":65580,"status":"IMPORTED","timestamp":"2024-09-12T22:03:45.082755","computed_hash":"FDBFDAB1EF42CC5FBDA19A493D4CFBD4834DD161CB880E2DA4D808A2D5F33FA9","submitted_hash":"FDBFDAB1EF42CC5FBDA19A493D4CFBD4834DD161CB880E2DA4D808A2D5F33FA9"},
{"name":"Gunnison","filename":"Byron-26-manifest.csv","type":"manifest","approx_count":5,"size":162,"status":"IMPORTED","timestamp":"2024-09-12T22:03:45.907268","computed_hash":"2234F6C50D7DBCF76699A8989014EF16459AB9C358849F01175BCC20F146E09F","submitted_hash":"2234F6C50D7DBCF76699A8989014EF16459AB9C358849F01175BCC20F146E09F"},
{"name":"Gunnison","filename":"Byron-26.csv","type":"CVRs","approx_count":288,"size":65580,"status":"IMPORTED","timestamp":"2024-09-12T22:03:46.207685","computed_hash":"FAF963F8ADDF1566F53E4FD2365D54D1EED29436ADF46C59854AA926F45445A5","submitted_hash":"FAF963F8ADDF1566F53E4FD2365D54D1EED29436ADF46C59854AA926F45445A5"},
{"name":"Hinsdale","filename":"Byron-27-manifest.csv","type":"manifest","approx_count":5,"size":162,"status":"IMPORTED","timestamp":"2024-09-12T22:03:47.308082","computed_hash":"48EE5788C72F07D1CA664EDFD9DEE0083EE9EC93C6890453ED28C527E9DE9EA0","submitted_hash":"48EE5788C72F07D1CA664EDFD9DEE0083EE9EC93C6890453ED28C527E9DE9EA0"},
{"name":"Hinsdale","filename":"Byron-27.csv","type":"CVRs","approx_count":288,"size":65580,"status":"IMPORTED","timestamp":"2024-09-12T22:03:47.58063","computed_hash":"A6AF76002A1B3D326408DEE018EC14D1EC71F63546DB43D4153808D3B1985196","submitted_hash":"A6AF76002A1B3D326408DEE018EC14D1EC71F63546DB43D4153808D3B1985196"},
{"name":"Huerfano","filename":"Byron-28-manifest.csv","type":"manifest","approx_count":5,"size":162,"status":"IMPORTED","timestamp":"2024-09-12T22:03:48.557967","computed_hash":"5E71E1377120533974171A77273A858D53D0242708201DB22A2065ACA58B0D50","submitted_hash":"5E71E1377120533974171A77273A858D53D0242708201DB22A2065ACA58B0D50"},
{"name":"Huerfano","filename":"Byron-28.csv","type":"CVRs","approx_count":288,"size":65580,"status":"IMPORTED","timestamp":"2024-09-12T22:03:48.900732","computed_hash":"34C36B42F5AB45766FC1D5AF31B8E0A0C989BB5D7E8072127D67D8EC5B85D78F","submitted_hash":"34C36B42F5AB45766FC1D5AF31B8E0A0C989BB5D7E8072127D67D8EC5B85D78F"},
{"name":"Jackson","filename":"Byron-29-manifest.csv","type":"manifest","approx_count":5,"size":162,"status":"IMPORTED","timestamp":"2024-09-12T22:03:49.91059","computed_hash":"AFCE3B5D2BFF3C3A090AFF935928FD63B98D8E276FC352286B06C0D548794B8C","submitted_hash":"AFCE3B5D2BFF3C3A090AFF935928FD63B98D8E276FC352286B06C0D548794B8C"},
{"name":"Jackson","filename":"Byron-29.csv","type":"CVRs","approx_count":288,"size":65580,"status":"IMPORTED","timestamp":"2024-09-12T22:03:50.117991","computed_hash":"35BD01D034020ABC7045EE11695CC5A22710B1D7702921F3814B8C4509B4BA8E","submitted_hash":"35BD01D034020ABC7045EE11695CC5A22710B1D7702921F3814B8C4509B4BA8E"},
{"name":"Jefferson","filename":"Byron-30-manifest.csv","type":"manifest","approx_count":5,"size":162,"status":"IMPORTED","timestamp":"2024-09-12T22:03:51.139004","computed_hash":"19B1E70F27E33294D3383E47B49815368F6AD888718A6E591107D19A534664BD","submitted_hash":"19B1E70F27E33294D3383E47B49815368F6AD888718A6E591107D19A534664BD"},
{"name":"Jefferson","filename":"Byron-30.csv","type":"CVRs","approx_count":288,"size":65580,"status":"IMPORTED","timestamp":"2024-09-12T22:03:51.424012","computed_hash":"88384EC97A8DFF7846E6BE1B2F09A214F57C07BD014E1B8B53C7C571F02F45BB","submitted_hash":"88384EC97A8DFF7846E6BE1B2F09A214F57C07BD014E1B8B53C7C571F02F45BB"},
{"name":"Kiowa","filename":"Byron-31-manifest.csv","type":"manifest","approx_count":5,"size":162,"status":"IMPORTED","timestamp":"2024-09-12T22:03:52.575331","computed_hash":"69E14CC605AF038E99FB4B4A02917F56B755F52696EBEA2523A5B44C3E321BCC","submitted_hash":"69E14CC605AF038E99FB4B4A02917F56B755F52696EBEA2523A5B44C3E321BCC"},
{"name":"Kiowa","filename":"Byron-31.csv","type":"CVRs","approx_count":288,"size":65580,"status":"IMPORTED","timestamp":"2024-09-12T22:03:52.83456","computed_hash":"055887000E350B13FD2377E2CBD8F294D4D11A1271C71F923685F43B86FCFCD9","submitted_hash":"055887000E350B13FD2377E2CBD8F294D4D11A1271C71F923685F43B86FCFCD9"},
{"name":"Kit Carson","filename":"Byron-32-manifest.csv","type":"manifest","approx_count":5,"size":162,"status":"IMPORTED","timestamp":"2024-09-12T22:03:53.635108","computed_hash":"A3A3FC0A089819AA83B4CAE94E77F0D23E3A63F23FB2D326DF38FC17BADA7FB2","submitted_hash":"A3A3FC0A089819AA83B4CAE94E77F0D23E3A63F23FB2D326DF38FC17BADA7FB2"},
{"name":"Kit Carson","filename":"Byron-32.csv","type":"CVRs","approx_count":288,"size":65580,"status":"IMPORTED","timestamp":"2024-09-12T22:03:53.985152","computed_hash":"AFB8E71F5BB11AAF3E0350188488C65F79FC12F83482628E39F5E7A6A03CC95D","submitted_hash":"AFB8E71F5BB11AAF3E0350188488C65F79FC12F83482628E39F5E7A6A03CC95D"},
{"name":"Lake","filename":"Byron-33-manifest.csv","type":"manifest","approx_count":5,"size":162,"status":"IMPORTED","timestamp":"2024-09-12T22:03:54.924273","computed_hash":"E074D313172F5CC4C50B226E003F910FFAFF6CD7159F89F1137AB7CBAFADFD7C","submitted_hash":"E074D313172F5CC4C50B226E003F910FFAFF6CD7159F89F1137AB7CBAFADFD7C"},
{"name":"Lake","filename":"Byron-33.csv","type":"CVRs","approx_count":288,"size":65580,"status":"IMPORTED","timestamp":"2024-09-12T22:03:55.274937","computed_hash":"373CD559070A3C7236849BA218C4AE03E417848B658FB9545AF010B593A8E2F9","submitted_hash":"373CD559070A3C7236849BA218C4AE03E417848B658FB9545AF010B593A8E2F9"},
{"name":"La Plata","filename":"Byron-34-manifest.csv","type":"manifest","approx_count":5,"size":162,"status":"IMPORTED","timestamp":"2024-09-12T22:03:56.330771","computed_hash":"1A8E8E4A7E821262B4993B0220CA6534149CF6204A2CB43AA623C711E03BAE72","submitted_hash":"1A8E8E4A7E821262B4993B0220CA6534149CF6204A2CB43AA623C711E03BAE72"},
{"name":"La Plata","filename":"Byron-34.csv","type":"CVRs","approx_count":288,"size":65580,"status":"IMPORTED","timestamp":"2024-09-12T22:03:56.595488","computed_hash":"FFEA4D353C8DE29E3FB44A888D8FE532E397D1FD0D843BF0EB857374CF9871A4","submitted_hash":"FFEA4D353C8DE29E3FB44A888D8FE532E397D1FD0D843BF0EB857374CF9871A4"},
{"name":"Larimer","filename":"Byron-35-manifest.csv","type":"manifest","approx_count":5,"size":162,"status":"IMPORTED","timestamp":"2024-09-12T22:03:57.804393","computed_hash":"8208AC3F142DE37DBE0239DBBF5D8E9CBCCC1357B838D141BF735CD6F0466A17","submitted_hash":"8208AC3F142DE37DBE0239DBBF5D8E9CBCCC1357B838D141BF735CD6F0466A17"},
{"name":"Larimer","filename":"Byron-35.csv","type":"CVRs","approx_count":288,"size":65580,"status":"IMPORTED","timestamp":"2024-09-12T22:03:58.192591","computed_hash":"DAF471DBBBF198E3A76F0F9B65A5F7040CD279858C559CCA30457F0CCF26BEF4","submitted_hash":"DAF471DBBBF198E3A76F0F9B65A5F7040CD279858C559CCA30457F0CCF26BEF4"},
{"name":"Las Animas","filename":"Byron-36-manifest.csv","type":"manifest","approx_count":5,"size":162,"status":"IMPORTED","timestamp":"2024-09-12T22:03:59.062727","computed_hash":"0D8DA7F2713C4031E0259EA7BEB0E26101F8F86C03FAE108DE3DE9CD2C966820","submitted_hash":"0D8DA7F2713C4031E0259EA7BEB0E26101F8F86C03FAE108DE3DE9CD2C966820"},
{"name":"Las Animas","filename":"Byron-36.csv","type":"CVRs","approx_count":288,"size":65580,"status":"IMPORTED","timestamp":"2024-09-12T22:03:59.341332","computed_hash":"96FD6D491380BFFB955F7A3B98C1246CE566C1ABD244FF84607A4A5A58E124D8","submitted_hash":"96FD6D491380BFFB955F7A3B98C1246CE566C1ABD244FF84607A4A5A58E124D8"},
{"name":"Lincoln","filename":"Byron-37-manifest.csv","type":"manifest","approx_count":5,"size":162,"status":"IMPORTED","timestamp":"2024-09-12T22:04:00.096526","computed_hash":"E1697727CFF00F49023DBB00408FFC8E8A186E7DBB73551567AD4A2B872E0FAB","submitted_hash":"E1697727CFF00F49023DBB00408FFC8E8A186E7DBB73551567AD4A2B872E0FAB"},
{"name":"Lincoln","filename":"Byron-37.csv","type":"CVRs","approx_count":288,"size":65580,"status":"IMPORTED","timestamp":"2024-09-12T22:04:00.418228","computed_hash":"96FD6D491380BFFB955F7A3B98C1246CE566C1ABD244FF84607A4A5A58E124D8","submitted_hash":"96FD6D491380BFFB955F7A3B98C1246CE566C1ABD244FF84607A4A5A58E124D8"},
{"name":"Logan","filename":"Byron-38-manifest.csv","type":"manifest","approx_count":5,"size":162,"status":"IMPORTED","timestamp":"2024-09-12T22:04:01.643086","computed_hash":"D133EBB7D75519070932727A79620DE32B5EEE02A0B631F10A3A0FC6062FE519","submitted_hash":"D133EBB7D75519070932727A79620DE32B5EEE02A0B631F10A3A0FC6062FE519"},
{"name":"Logan","filename":"Byron-38.csv","type":"CVRs","approx_count":288,"size":65580,"status":"IMPORTED","timestamp":"2024-09-12T22:04:01.995159","computed_hash":"342F6712633389CB45DEA350571B89ABA4C5F8BF4D55C76570AC0BD954894F27","submitted_hash":"342F6712633389CB45DEA350571B89ABA4C5F8BF4D55C76570AC0BD954894F27"},
{"name":"Mesa","filename":"Byron-39-manifest.csv","type":"manifest","approx_count":5,"size":162,"status":"IMPORTED","timestamp":"2024-09-12T22:04:03.136539","computed_hash":"E8019A3C398DAFEA2526080B311F1FFEB2A24058F5D545A0F8F49BC544D2FA89","submitted_hash":"E8019A3C398DAFEA2526080B311F1FFEB2A24058F5D545A0F8F49BC544D2FA89"},
{"name":"Mesa","filename":"Byron-39.csv","type":"CVRs","approx_count":288,"size":65580,"status":"IMPORTED","timestamp":"2024-09-12T22:04:03.473932","computed_hash":"6F670CA9949C28C875C073A9064CBE6BA87498FCD9F3A69088435D978A2FFC9E","submitted_hash":"6F670CA9949C28C875C073A9064CBE6BA87498FCD9F3A69088435D978A2FFC9E"},
{"name":"Mineral","filename":"Byron-40-manifest.csv","type":"manifest","approx_count":5,"size":162,"status":"IMPORTED","timestamp":"2024-09-12T22:04:04.389974","computed_hash":"40ACB2D734429EAA6E77685A49F86EA149D0B4394F814426D166594D55943D1D","submitted_hash":"40ACB2D734429EAA6E77685A49F86EA149D0B4394F814426D166594D55943D1D"},
{"name":"Mineral","filename":"Byron-40.csv","type":"CVRs","approx_count":288,"size":65580,"status":"IMPORTED","timestamp":"2024-09-12T22:04:04.688516","computed_hash":"E39E78449084BE2D520FD255A946E5C0654E60293BEEA291CACBC4D7701C2F60","submitted_hash":"E39E78449084BE2D520FD255A946E5C0654E60293BEEA291CACBC4D7701C2F60"},
{"name":"Moffat","filename":"Byron-41-manifest.csv","type":"manifest","approx_count":5,"size":162,"status":"IMPORTED","timestamp":"2024-09-12T22:04:05.841813","computed_hash":"E9A41659F1E41A618239AA3EA436A3F2430064E30562E0F6C4F7F9CDFDA90D90","submitted_hash":"E9A41659F1E41A618239AA3EA436A3F2430064E30562E0F6C4F7F9CDFDA90D90"},
{"name":"Moffat","filename":"Byron-41.csv","type":"CVRs","approx_count":288,"size":65580,"status":"IMPORTED","timestamp":"2024-09-12T22:04:06.293216","computed_hash":"FCFF0BAA33814FE362A9482F74A1BF0599E5A2B6F30C5589106C6285699781BC","submitted_hash":"FCFF0BAA33814FE362A9482F74A1BF0599E5A2B6F30C5589106C6285699781BC"},
{"name":"Montezuma","filename":"Byron-42-manifest.csv","type":"manifest","approx_count":5,"size":162,"status":"IMPORTED","timestamp":"2024-09-12T22:04:07.16793","computed_hash":"234BFA5924E89078F91803D917088BB9F03DC7C8AA6A16BB7DB827DD633B381E","submitted_hash":"234BFA5924E89078F91803D917088BB9F03DC7C8AA6A16BB7DB827DD633B381E"},
{"name":"Montezuma","filename":"Byron-42.csv","type":"CVRs","approx_count":288,"size":65580,"status":"IMPORTED","timestamp":"2024-09-12T22:04:07.691121","computed_hash":"CC6FD8B9BB2A9D4606B155C565F86D10450B4F6CF696C1B74FE7D168F3FC4851","submitted_hash":"CC6FD8B9BB2A9D4606B155C565F86D10450B4F6CF696C1B74FE7D168F3FC4851"},
{"name":"Montrose","filename":"Byron-43-manifest.csv","type":"manifest","approx_count":5,"size":162,"status":"IMPORTED","timestamp":"2024-09-12T22:04:08.641521","computed_hash":"068A94E183EF0E69B7210A4A20AB2B83EAE7F726E3946A38943AC60E38784948","submitted_hash":"068A94E183EF0E69B7210A4A20AB2B83EAE7F726E3946A38943AC60E38784948"},
{"name":"Montrose","filename":"Byron-43.csv","type":"CVRs","approx_count":288,"size":65580,"status":"IMPORTED","timestamp":"2024-09-12T22:04:09.06325","computed_hash":"FB0D85E443CB9A7640772FBA6927DF5ED121CD4647F2D33088D2126709EC5219","submitted_hash":"FB0D85E443CB9A7640772FBA6927DF5ED121CD4647F2D33088D2126709EC5219"},
{"name":"Morgan","filename":"Byron-44-manifest.csv","type":"manifest","approx_count":5,"size":162,"status":"IMPORTED","timestamp":"2024-09-12T22:04:10.084048","computed_hash":"4527E213CA28877FC25C7B6C29A33DE26E2A4A4F2B9BDEE9BF63E4B2E2632A2A","submitted_hash":"4527E213CA28877FC25C7B6C29A33DE26E2A4A4F2B9BDEE9BF63E4B2E2632A2A"},
{"name":"Morgan","filename":"Byron-44.csv","type":"CVRs","approx_count":288,"size":65580,"status":"IMPORTED","timestamp":"2024-09-12T22:04:10.53977","computed_hash":"309A277A4DEA98210F717832A289082DE1C06B14E742383353EF2F2862996BA7","submitted_hash":"309A277A4DEA98210F717832A289082DE1C06B14E742383353EF2F2862996BA7"},
{"name":"Otero","filename":"Byron-45-manifest.csv","type":"manifest","approx_count":5,"size":162,"status":"IMPORTED","timestamp":"2024-09-12T22:04:11.771431","computed_hash":"3821973B3A61D2D30DE35C5A6E3FFDBAB4E8AD76189789CA3EC0F6651F6BCA12","submitted_hash":"3821973B3A61D2D30DE35C5A6E3FFDBAB4E8AD76189789CA3EC0F6651F6BCA12"},
{"name":"Otero","filename":"Byron-45.csv","type":"CVRs","approx_count":288,"size":65580,"status":"IMPORTED","timestamp":"2024-09-12T22:04:12.106869","computed_hash":"8CDC90673D69F6995BB1832E886AF324733483B3C111279AE3D18CC25F6D5C78","submitted_hash":"8CDC90673D69F6995BB1832E886AF324733483B3C111279AE3D18CC25F6D5C78"},
{"name":"Ouray","filename":"Byron-46-manifest.csv","type":"manifest","approx_count":5,"size":162,"status":"IMPORTED","timestamp":"2024-09-12T22:04:13.333343","computed_hash":"53FF3FDAABEBFD234179309556E1FF7625D33DE3B1EBAF7F1D49F90FE11A75DB","submitted_hash":"53FF3FDAABEBFD234179309556E1FF7625D33DE3B1EBAF7F1D49F90FE11A75DB"},
{"name":"Ouray","filename":"Byron-46.csv","type":"CVRs","approx_count":288,"size":65580,"status":"IMPORTED","timestamp":"2024-09-12T22:04:13.648842","computed_hash":"DB6532EDC38C5F374CD95E8C7E2F80B8DC2F034BE18AAC390C2E1C9D04220F36","submitted_hash":"DB6532EDC38C5F374CD95E8C7E2F80B8DC2F034BE18AAC390C2E1C9D04220F36"},
{"name":"Park","filename":"Byron-47-manifest.csv","type":"manifest","approx_count":5,"size":162,"status":"IMPORTED","timestamp":"2024-09-12T22:04:14.830835","computed_hash":"A196C49589E367F7D8A493BAC96948219A6837BDDB602DC6E03F9CE1A0A29F27","submitted_hash":"A196C49589E367F7D8A493BAC96948219A6837BDDB602DC6E03F9CE1A0A29F27"},
{"name":"Park","filename":"Byron-47.csv","type":"CVRs","approx_count":288,"size":65580,"status":"IMPORTED","timestamp":"2024-09-12T22:04:15.172076","computed_hash":"7B45A446F2F9D6479C4BC2189FADD1E24515A9F4A5AA417345B8F26455A0E5E7","submitted_hash":"7B45A446F2F9D6479C4BC2189FADD1E24515A9F4A5AA417345B8F26455A0E5E7"},
{"name":"Phillips","filename":"Byron-48-manifest.csv","type":"manifest","approx_count":5,"size":162,"status":"IMPORTED","timestamp":"2024-09-12T22:04:16.439103","computed_hash":"A601EF20C0BEAEB737997FE068ABCB6701F577B35145283E1CC87CCC4F3384C9","submitted_hash":"A601EF20C0BEAEB737997FE068ABCB6701F577B35145283E1CC87CCC4F3384C9"},
{"name":"Phillips","filename":"Byron-48.csv","type":"CVRs","approx_count":288,"size":65580,"status":"IMPORTED","timestamp":"2024-09-12T22:04:16.918171","computed_hash":"6D26AD76B0BCEC46A80240D6B6A530CE6CC927346BFC68DCD82EE0E1B9A932EE","submitted_hash":"6D26AD76B0BCEC46A80240D6B6A530CE6CC927346BFC68DCD82EE0E1B9A932EE"},
{"name":"Pitkin","filename":"Byron-49-manifest.csv","type":"manifest","approx_count":5,"size":162,"status":"IMPORTED","timestamp":"2024-09-12T22:04:17.973874","computed_hash":"6EACE51F27ADB85F94B015D18C11C5D1C4CF10903A5054535B45EF8DCA79A2A0","submitted_hash":"6EACE51F27ADB85F94B015D18C11C5D1C4CF10903A5054535B45EF8DCA79A2A0"},
{"name":"Pitkin","filename":"Byron-49.csv","type":"CVRs","approx_count":288,"size":65580,"status":"IMPORTED","timestamp":"2024-09-12T22:04:18.373738","computed_hash":"256A50415C7B24C6B7F5D6B50B76E2241F65EDF65CDDE7D7986AAAE2AF5EB564","submitted_hash":"256A50415C7B24C6B7F5D6B50B76E2241F65EDF65CDDE7D7986AAAE2AF5EB564"},
{"name":"Prowers","filename":"Byron-50-manifest.csv","type":"manifest","approx_count":5,"size":162,"status":"IMPORTED","timestamp":"2024-09-12T22:04:19.528597","computed_hash":"3655C6C691A08B486245CB1059BF9E6968FCA5B38C696C89381481B4260204C1","submitted_hash":"3655C6C691A08B486245CB1059BF9E6968FCA5B38C696C89381481B4260204C1"},
{"name":"Prowers","filename":"Byron-50.csv","type":"CVRs","approx_count":288,"size":65580,"status":"IMPORTED","timestamp":"2024-09-12T22:04:19.941245","computed_hash":"794994E698E5E1FF1EAE6AE9F1238113252EC928A4C268A45A390DE0888C98BB","submitted_hash":"794994E698E5E1FF1EAE6AE9F1238113252EC928A4C268A45A390DE0888C98BB"},
{"name":"Pueblo","filename":"Byron-51-manifest.csv","type":"manifest","approx_count":5,"size":162,"status":"IMPORTED","timestamp":"2024-09-12T22:04:20.961588","computed_hash":"CE0A9BE0AF9C56F20AB9705AF54B2F6DEB917E5B6A62E5E4295294473666E80E","submitted_hash":"CE0A9BE0AF9C56F20AB9705AF54B2F6DEB917E5B6A62E5E4295294473666E80E"},
{"name":"Pueblo","filename":"Byron-51.csv","type":"CVRs","approx_count":288,"size":65580,"status":"IMPORTED","timestamp":"2024-09-12T22:04:21.276736","computed_hash":"F1B1F29B5D7E685D824423D60CF63C009440A7B3C2EA46B9A5855A8075A2A36F","submitted_hash":"F1B1F29B5D7E685D824423D60CF63C009440A7B3C2EA46B9A5855A8075A2A36F"},
{"name":"Rio Blanco","filename":"Byron-52-manifest.csv","type":"manifest","approx_count":5,"size":162,"status":"IMPORTED","timestamp":"2024-09-12T22:04:22.397245","computed_hash":"267A1F7ADA354B6DA4C7B328D56316779A7B3816BCECBB530546D276BC633F0D","submitted_hash":"267A1F7ADA354B6DA4C7B328D56316779A7B3816BCECBB530546D276BC633F0D"},
{"name":"Rio Blanco","filename":"Byron-52.csv","type":"CVRs","approx_count":288,"size":65580,"status":"IMPORTED","timestamp":"2024-09-12T22:04:22.863269","computed_hash":"8D4E35C2018916FA07E14211C00B82EA79D91BE19A7C4F5055F0C620A7CACAFD","submitted_hash":"8D4E35C2018916FA07E14211C00B82EA79D91BE19A7C4F5055F0C620A7CACAFD"},
{"name":"Rio Grande","filename":"Byron-53-manifest.csv","type":"manifest","approx_count":5,"size":162,"status":"IMPORTED","timestamp":"2024-09-12T22:04:23.928197","computed_hash":"B21E9B3A1933F754B83870AC2916CAADB42858DB7682707415CB5184AB234E6D","submitted_hash":"B21E9B3A1933F754B83870AC2916CAADB42858DB7682707415CB5184AB234E6D"},
{"name":"Rio Grande","filename":"Byron-53.csv","type":"CVRs","approx_count":288,"size":65580,"status":"IMPORTED","timestamp":"2024-09-12T22:04:24.306449","computed_hash":"78992526FD24B9AD4E761C556F3BE4A93CAD7224A257C9CE41795615EDB4A973","submitted_hash":"78992526FD24B9AD4E761C556F3BE4A93CAD7224A257C9CE41795615EDB4A973"},
{"name":"Routt","filename":"Byron-54-manifest.csv","type":"manifest","approx_count":5,"size":162,"status":"IMPORTED","timestamp":"2024-09-12T22:04:25.346938","computed_hash":"6F6217D51C911BF0BD49E24515699801EEBD6FC09185F9D10A95C2544C1511D4","submitted_hash":"6F6217D51C911BF0BD49E24515699801EEBD6FC09185F9D10A95C2544C1511D4"},
{"name":"Routt","filename":"Byron-54.csv","type":"CVRs","approx_count":287,"size":65371,"status":"IMPORTED","timestamp":"2024-09-12T22:04:25.877637","computed_hash":"28F3F5498158B0524D793DEADE98F9D287F76A513983568BFD7A3D4BAA1D035A","submitted_hash":"28F3F5498158B0524D793DEADE98F9D287F76A513983568BFD7A3D4BAA1D035A"},
{"name":"Saguache","filename":"Byron-55-manifest.csv","type":"manifest","approx_count":5,"size":162,"status":"IMPORTED","timestamp":"2024-09-12T22:04:26.866952","computed_hash":"BABDF617476398A6837EE2D53D35BE0A20393BE477731952DAC0086672363E64","submitted_hash":"BABDF617476398A6837EE2D53D35BE0A20393BE477731952DAC0086672363E64"},
{"name":"Saguache","filename":"Byron-55.csv","type":"CVRs","approx_count":287,"size":65371,"status":"IMPORTED","timestamp":"2024-09-12T22:04:27.194588","computed_hash":"850CE6858774464961D694461EA2E9BD0814A73574C94031873D33CAF246CBFD","submitted_hash":"850CE6858774464961D694461EA2E9BD0814A73574C94031873D33CAF246CBFD"},
{"name":"San Juan","filename":"Byron-56-manifest.csv","type":"manifest","approx_count":5,"size":162,"status":"IMPORTED","timestamp":"2024-09-12T22:04:28.001015","computed_hash":"52EBB48BB004471D4C5A36376804D01383BE7B937BC8AB93D4C22E0F65E6FCEC","submitted_hash":"52EBB48BB004471D4C5A36376804D01383BE7B937BC8AB93D4C22E0F65E6FCEC"},
{"name":"San Juan","filename":"Byron-56.csv","type":"CVRs","approx_count":287,"size":65371,"status":"IMPORTED","timestamp":"2024-09-12T22:04:28.331879","computed_hash":"248D309A308EFF414FE3C858EB402B6C9705644D1262EA97EE94F8F4E9091A34","submitted_hash":"248D309A308EFF414FE3C858EB402B6C9705644D1262EA97EE94F8F4E9091A34"},
{"name":"San Miguel","filename":"Byron-57-manifest.csv","type":"manifest","approx_count":5,"size":162,"status":"IMPORTED","timestamp":"2024-09-12T22:04:29.569362","computed_hash":"1240A7CBE5CBFA25A4B92953F7D78C4A6824B76AFFEE7816683EB18DE50E9020","submitted_hash":"1240A7CBE5CBFA25A4B92953F7D78C4A6824B76AFFEE7816683EB18DE50E9020"},
{"name":"San Miguel","filename":"Byron-57.csv","type":"CVRs","approx_count":287,"size":65371,"status":"IMPORTED","timestamp":"2024-09-12T22:04:29.987662","computed_hash":"EDF2DE0BE327F305EF99E05D041C6524469216214907907840EDF5986A1C8777","submitted_hash":"EDF2DE0BE327F305EF99E05D041C6524469216214907907840EDF5986A1C8777"},
{"name":"Sedgwick","filename":"Byron-58-manifest.csv","type":"manifest","approx_count":5,"size":162,"status":"IMPORTED","timestamp":"2024-09-12T22:04:31.281848","computed_hash":"4FF810472DD56C70380E65173B0A32A9DD47FFAA9DB2902DFE55AA798AF6C22D","submitted_hash":"4FF810472DD56C70380E65173B0A32A9DD47FFAA9DB2902DFE55AA798AF6C22D"},
{"name":"Sedgwick","filename":"Byron-58.csv","type":"CVRs","approx_count":287,"size":65371,"status":"IMPORTED","timestamp":"2024-09-12T22:04:31.707663","computed_hash":"76911836DEEE6745BC8F5273E7C034E6B31AB7A95F4A0FD68C634316AEF86383","submitted_hash":"76911836DEEE6745BC8F5273E7C034E6B31AB7A95F4A0FD68C634316AEF86383"},
{"name":"Summit","filename":"Byron-59-manifest.csv","type":"manifest","approx_count":5,"size":162,"status":"IMPORTED","timestamp":"2024-09-12T22:04:32.6245","computed_hash":"EF88603F42F377308E1EABC6FB8470F497F3C06C87595747F445F698A7EA1B0C","submitted_hash":"EF88603F42F377308E1EABC6FB8470F497F3C06C87595747F445F698A7EA1B0C"},
{"name":"Summit","filename":"Byron-59.csv","type":"CVRs","approx_count":287,"size":65371,"status":"IMPORTED","timestamp":"2024-09-12T22:04:33.018585","computed_hash":"F40C187CD8B1F6F9C83B2B480E823F5019FB1662C7AF7BCA9C65DA033FDB9647","submitted_hash":"F40C187CD8B1F6F9C83B2B480E823F5019FB1662C7AF7BCA9C65DA033FDB9647"},
{"name":"Teller","filename":"Byron-60-manifest.csv","type":"manifest","approx_count":5,"size":162,"status":"IMPORTED","timestamp":"2024-09-12T22:04:34.146342","computed_hash":"F133C2003FB8E2CDE8E64A2B05DA47C511BC00DB2DDFB605D5EB190D57029F82","submitted_hash":"F133C2003FB8E2CDE8E64A2B05DA47C511BC00DB2DDFB605D5EB190D57029F82"},
{"name":"Teller","filename":"Byron-60.csv","type":"CVRs","approx_count":287,"size":65371,"status":"IMPORTED","timestamp":"2024-09-12T22:04:34.559527","computed_hash":"817059F14017A2382505EA28953A8F7218C2B104196584FB6E9B0278DEC999F5","submitted_hash":"817059F14017A2382505EA28953A8F7218C2B104196584FB6E9B0278DEC999F5"},
{"name":"Washington","filename":"Byron-61-manifest.csv","type":"manifest","approx_count":5,"size":162,"status":"IMPORTED","timestamp":"2024-09-12T22:04:35.619809","computed_hash":"74E1FDD07D8CC48096E102E36DE2CFDA35E2D637171EAE4370C1D233F663A14B","submitted_hash":"74E1FDD07D8CC48096E102E36DE2CFDA35E2D637171EAE4370C1D233F663A14B"},
{"name":"Washington","filename":"Byron-61.csv","type":"CVRs","approx_count":287,"size":65371,"status":"IMPORTED","timestamp":"2024-09-12T22:04:35.991441","computed_hash":"580D3BE2EA59AD0698556B5A9D7B3ACA6B0F4EAB59F09EF50A5D2BB82D37AECE","submitted_hash":"580D3BE2EA59AD0698556B5A9D7B3ACA6B0F4EAB59F09EF50A5D2BB82D37AECE"},
{"name":"Weld","filename":"Byron-62-manifest.csv","type":"manifest","approx_count":5,"size":162,"status":"IMPORTED","timestamp":"2024-09-12T22:04:36.819469","computed_hash":"C5849A4BA9AE3BB5E9F49F55EBC9F359218C30DEE250F15C2E4D4DE0139A216E","submitted_hash":"C5849A4BA9AE3BB5E9F49F55EBC9F359218C30DEE250F15C2E4D4DE0139A216E"},
{"name":"Weld","filename":"Byron-62.csv","type":"CVRs","approx_count":287,"size":65371,"status":"IMPORTED","timestamp":"2024-09-12T22:04:37.069866","computed_hash":"70F1D7BF124C515576AD052E1B9CAC7106F77519146BCFF50CD5E1391D261FB5","submitted_hash":"70F1D7BF124C515576AD052E1B9CAC7106F77519146BCFF50CD5E1391D261FB5"},
{"name":"Yuma","filename":"Byron-63-manifest.csv","type":"manifest","approx_count":5,"size":162,"status":"IMPORTED","timestamp":"2024-09-12T22:04:38.337474","computed_hash":"24532F9260C9ED7BC53F37E553435334BC9D038EB114E9234BFBED57E5B0B228","submitted_hash":"24532F9260C9ED7BC53F37E553435334BC9D038EB114E9234BFBED57E5B0B228"},
{"name":"Yuma","filename":"Byron-63.csv","type":"CVRs","approx_count":287,"size":65371,"status":"IMPORTED","timestamp":"2024-09-12T22:04:38.552819","computed_hash":"1795B503A3197F2503C8DD025B44073114D45EB5287EBB33FC0C7F5797EA50B1","submitted_hash":"1795B503A3197F2503C8DD025B44073114D45EB5287EBB33FC0C7F5797EA50B1"},
{"name":"Broomfield","filename":"Byron-64-manifest.csv","type":"manifest","approx_count":5,"size":162,"status":"IMPORTED","timestamp":"2024-09-12T22:04:39.646383","computed_hash":"0F45AA91A138C54B10E8A21FE2129195A214C72DD71CDD7C006336B63DF65300","submitted_hash":"0F45AA91A138C54B10E8A21FE2129195A214C72DD71CDD7C006336B63DF65300"},
{"name":"Broomfield","filename":"Byron-64.csv","type":"CVRs","approx_count":287,"size":65371,"status":"IMPORTED","timestamp":"2024-09-12T22:04:39.993713","computed_hash":"284AE4590A0A308DDC450BEF350A8F64EE35109FB9C075492F2236CB811C4F35","submitted_hash":"284AE4590A0A308DDC450BEF350A8F64EE35109FB9C075492F2236CB811C4F35"}]