Contest name,Byron Mayoral
Candidates,"HUNTER Alan,CLARKE Bruce,COOREY Cate,ANDERSON John,MCILRATH Christopher,LYON Michael,DEY Duncan,PUGH Asren,SWIVEL Mark"
Winner,LYON Michael
Total universe,154825
Risk limit,0.03000000

Extreme item,Value,Assertion IDs
Margin,1060,"8"
Diluted margin,0.00684644,"8"
Raire difficulty,146.06132075471697,"8"
Current risk,1.00000000,"1, 2, 3, 4, 5, 6, 7, 8, 9, 10, 11, 12, 13, 14, 15, 16, 17, 18, 19"
Optimistic samples to audit,2539,"8"
Estimated samples to audit,4661,"9"

ID,Type,Winner,Loser,Assumed continuing,Difficulty,Margin,Diluted margin,Risk,Estimated samples to audit,Optimistic samples to audit,Two vote over count,One vote over count,Other discrepancy count,One vote under count,Two vote under count
1,NEB,LYON Michael,HUNTER Alan,,73.7965,2098,0.0136,1.00000000,2310,1283,0,8,0,1,0
2,NEB,LYON Michael,CLARKE Bruce,,82.9716,1866,0.0121,1.00000000,2718,1510,0,8,1,0,0
3,NEB,LYON Michael,ANDERSON John,,55.1371,2808,0.0181,1.00000000,1808,1004,0,8,1,0,0
4,NEB,LYON Michael,MCILRATH Christopher,,46.2855,3345,0.0216,1.00000000,1518,843,0,8,1,0,0
5,NEN,LYON Michael,COOREY Cate,"COOREY Cate,LYON Michael",67.2567,2302,0.0149,1.00000000,3198,1683,1,8,0,0,0
6,NEN,LYON Michael,DEY Duncan,"LYON Michael,DEY Duncan",53.1314,2914,0.0188,1.00000000,2527,1330,1,8,0,0,0
7,NEN,LYON Michael,PUGH Asren,"LYON Michael,PUGH Asren",67.7868,2284,0.0148,1.00000000,2123,1179,0,8,0,1,0
8,NEN,LYON Michael,SWIVEL Mark,"LYON Michael,SWIVEL Mark",146.0613,1060,0.0068,1.00000000,4571,2539,0,8,0,1,0
9,NEN,LYON Michael,COOREY Cate,"COOREY Cate,LYON Michael,SWIVEL Mark",125.3644,1235,0.008,1.00000000,4661,2453,0,9,0,0,0
10,NEN,LYON Michael,DEY Duncan,"COOREY Cate,LYON Michael,DEY Duncan",47.0736,3289,0.0212,1.00000000,1750,921,0,9,0,0,0
11,NEN,LYON Michael,DEY Duncan,"LYON Michael,DEY Duncan,SWIVEL Mark",106.1172,1459,0.0094,1.00000000,3945,2076,0,9,0,0,0
12,NEN,LYON Michael,PUGH Asren,"COOREY Cate,LYON Michael,PUGH Asren",85.8708,1803,0.0116,1.00000000,2688,1493,0,8,0,1,0
13,NEN,LYON Michael,PUGH Asren,"LYON Michael,DEY Duncan,PUGH Asren",65.883,2350,0.0152,1.00000000,2063,1146,0,8,0,1,0
14,NEN,LYON Michael,PUGH Asren,"LYON Michael,PUGH Asren,SWIVEL Mark",51.6945,2995,0.0193,1.00000000,1694,941,0,8,1,0,0
15,NEN,LYON Michael,COOREY Cate,"COOREY Cate,LYON Michael,DEY Duncan,SWIVEL Mark",76.0064,2037,0.0132,1.00000000,2826,1487,0,9,0,0,0
16,NEN,LYON Michael,DEY Duncan,"COOREY Cate,LYON Michael,DEY Duncan,PUGH Asren",67.9355,2279,0.0147,1.00000000,2227,1237,0,8,1,0,0
17,NEN,LYON Michael,PUGH Asren,"COOREY Cate,LYON Michael,PUGH Asren,SWIVEL Mark",62.4798,2478,0.016,1.00000000,2047,1137,0,8,1,0,0
18,NEN,LYON Michael,PUGH Asren,"LYON Michael,DEY Duncan,PUGH Asren,SWIVEL Mark",52.7872,2933,0.0189,1.00000000,1730,961,0,8,1,0,0
19,NEN,LYON Michael,PUGH Asren,"COOREY Cate,LYON Michael,DEY Duncan,PUGH Asren,SWIVEL Mark",58.183,2661,0.0172,1.00000000,1907,1059,0,8,1,0,0
