Contest name,City of Boulder Mayoral
Candidates,"Aaron Brockett,Nicole Speer,Bob Yates,Paul Tweedlie"
Winner,Aaron Brockett
Total universe,119643
Risk limit,0.03000000

Extreme item,Value,Assertion IDs
Margin,1228,"3"
Diluted margin,0.01026387,"3"
Raire difficulty,97.42915309446254,"3"
Current risk,1.00000000,"1, 2, 3"
Optimistic samples to audit,1641,"3"
Estimated samples to audit,3282,"3"

ID,Type,Winner,Loser,Assumed continuing,Difficulty,Margin,Diluted margin,Risk,Estimated samples to audit,Optimistic samples to audit,Two vote over count,One vote over count,Other discrepancy count,One vote under count,Two vote under count
1,NEB,Aaron Brockett,Nicole Speer,,46.4092,2578,0.0215,1.00000000,1564,782,0,7,0,0,0
2,NEB,Aaron Brockett,Paul Tweedlie,,14.2602,8390,0.0701,1.00000000,482,241,0,7,0,0,0
3,NEN,Aaron Brockett,Bob Yates,"Aaron Brockett,Bob Yates",97.4292,1228,0.0103,1.00000000,3282,1641,0,7,0,0,0
