{"metadata":{"candidates":["HUNTER Alan","CLARKE Bruce","COOREY Cate","ANDERSON John","MCILRATH Christopher","LYON Michael","DEY Duncan","PUGH Asren","SWIVEL Mark"],"contest":"Byron Mayoral","total_auditable_ballots":154825,"risk_limit":0.03000000},"solution":{"Ok":{"assertions":[{"assertion":{"type":"NEN","winner":5,"loser":7,"continuing":[5,6,7]},"difficulty":65.88297872340425,"margin":2350,"status":{"risk":1.00000000}},{"assertion":{"type":"NEN","winner":5,"loser":7,"continuing":[5,7,8]},"difficulty":51.69449081803005,"margin":2995,"status":{"risk":1.00000000}},{"assertion":{"type":"NEN","winner":5,"loser":2,"continuing":[2,5,6,8]},"difficulty":76.00638193421699,"margin":2037,"status":{"risk":1.00000000}},{"assertion":{"type":"NEN","winner":5,"loser":6,"continuing":[2,5,6,7]},"difficulty":67.93549802544976,"margin":2279,"status":{"risk":1.00000000}},{"assertion":{"type":"NEN","winner":5,"loser":7,"continuing":[2,5,7,8]},"difficulty":62.479822437449556,"margin":2478,"status":{"risk":1.00000000}},{"assertion":{"type":"NEN","winner":5,"loser":7,"continuing":[5,6,7,8]},"difficulty":52.787248550971704,"margin":2933,"status":{"risk":1.00000000}},{"assertion":{"type":"NEN","winner":5,"loser":7,"continuing":[2,5,6,7,8]},"difficulty":58.18301390454716,"margin":2661,"status":{"risk":1.00000000}},{"assertion":{"type":"NEB","winner":5,"loser":0},"difficulty":73.79647283126788,"margin":2098,"status":{"risk":1.00000000}},{"assertion":{"type":"NEB","winner":5,"loser":1},"difficulty":82.97159699892819,"margin":1866,"status":{"risk":1.00000000}},{"assertion":{"type":"NEB","winner":5,"loser":3},"difficulty":55.13710826210826,"margin":2808,"status":{"risk":1.00000000}},{"assertion":{"type":"NEB","winner":5,"loser":4},"difficulty":46.285500747384155,"margin":3345,"status":{"risk":1.00000000}},{"assertion":{"type":"NEN","winner":5,"loser":2,"continuing":[2,5]},"difficulty":67.25673327541269,"margin":2302,"status":{"risk":1.00000000}},{"assertion":{"type":"NEN","winner":5,"loser":6,"continuing":[5,6]},"difficulty":53.13143445435827,"margin":2914,"status":{"risk":1.00000000}},{"assertion":{"type":"NEN","winner":5,"loser":7,"continuing":[5,7]},"difficulty":67.78677758318739,"margin":2284,"status":{"risk":1.00000000}},{"assertion":{"type":"NEN","winner":5,"loser":8,"continuing":[5,8]},"difficulty":146.06132075471697,"margin":1060,"status":{"risk":1.00000000}},{"assertion":{"type":"NEN","winner":5,"loser":2,"continuing":[2,5,8]},"difficulty":125.36437246963563,"margin":1235,"status":{"risk":1.00000000}},{"assertion":{"type":"NEN","winner":5,"loser":6,"continuing":[2,5,6]},"difficulty":47.07357859531773,"margin":3289,"status":{"risk":1.00000000}},{"assertion":{"type":"NEN","winner":5,"loser":6,"continuing":[5,6,8]},"difficulty":106.11720356408499,"margin":1459,"status":{"risk":1.00000000}},{"assertion":{"type":"NEN","winner":5,"loser":7,"continuing":[2,5,7]},"difficulty":85.87077093732668,"margin":1803,"status":{"risk":1.00000000}}],"difficulty":146.06132075471697,"margin":1060,"winner":5,"num_candidates":9}}}