{"metadata":{"candidates":["Aaron Brockett","Nicole Speer","Bob Yates","Paul Tweedlie"],"contest":"City of Boulder Mayoral","total_auditable_ballots":119643,"risk_limit":0.03000000},"solution":{"Ok":{"assertions":[{"assertion":{"type":"NEB","winner":0,"loser":1},"difficulty":46.40923196276183,"margin":2578,"status":{"risk":1.00000000}},{"assertion":{"type":"NEB","winner":0,"loser":3},"difficulty":14.260190703218116,"margin":8390,"status":{"risk":1.00000000}},{"assertion":{"type":"NEN","winner":0,"loser":2,"continuing":[0,2]},"difficulty":97.42915309446254,"margin":1228,"status":{"risk":1.00000000}}],"difficulty":97.42915309446254,"margin":1228,"winner":0,"num_candidates":4}}}