{"metadata":{"candidates":["HAUVILLE Leo","EVANS Andrew","BAIN Arthur","CAMPBELL Liz","SAUL Dean","IRWIN Troy","RAEBURN Bruce"],"contest":"Kempsey Mayoral","total_auditable_ballots":17585,"risk_limit":0.03000000},"solution":{"Ok":{"assertions":[{"assertion":{"type":"NEB","winner":0,"loser":1},"difficulty":5.899027172089903,"margin":2981,"status":{"risk":1.00000000}},{"assertion":{"type":"NEB","winner":0,"loser":2},"difficulty":10.47973778307509,"margin":1678,"status":{"risk":1.00000000}},{"assertion":{"type":"NEB","winner":0,"loser":4},"difficulty":6.5591197314434915,"margin":2681,"status":{"risk":1.00000000}},{"assertion":{"type":"NEB","winner":0,"loser":5},"difficulty":6.022260273972603,"margin":2920,"status":{"risk":1.00000000}},{"assertion":{"type":"NEB","winner":0,"loser":6},"difficulty":5.379320893239523,"margin":3269,"status":{"risk":1.00000000}},{"assertion":{"type":"NEN","winner":0,"loser":3,"continuing":[0,3]},"difficulty":45.43927648578811,"margin":387,"status":{"risk":1.00000000}}],"difficulty":45.43927648578811,"margin":387,"winner":0,"num_candidates":7}}}