{"metadata":{"candidates":["JOHNSTON Eoin","MCCARTHY Steve","JOHNSON Jeff","WILLIAMS Keith","CADWALLADER Sharon"],"contest":"Ballina Mayoral","riskLimit":0.03,"assertionRisks":[1.0,1.0,1.0,1.0]},"solution":{"Ok":{"assertions":[{"assertion":{"type":"NEB","winner":4,"loser":0},"difficulty":5.565136476426799,"margin":4836},{"assertion":{"type":"NEB","winner":4,"loser":1},"difficulty":4.441822082851956,"margin":6059},{"assertion":{"type":"NEB","winner":4,"loser":3},"difficulty":6.610906411201179,"margin":4071},{"assertion":{"type":"NEN","winner":4,"loser":2,"continuing":[2,4]},"difficulty":7.285598267460747,"margin":3694}],"difficulty":7.285598267460747,"margin":3694,"num_candidates":5}}}