{"metadata":{"candidates":["FAKER John","CUTCHER Ned","MURRAY Alan","HULL David"],"contest":"Burwood Mayoral","riskLimit":0.03,"assertionRisks":[1.0,1.0,1.0]},"solution":{"Ok":{"assertions":[{"assertion":{"type":"NEB","winner":0,"loser":1},"difficulty":2.342326928138984,"margin":7598},{"assertion":{"type":"NEB","winner":0,"loser":2},"difficulty":2.1426679508788826,"margin":8306},{"assertion":{"type":"NEN","winner":0,"loser":3,"continuing":[0,3]},"difficulty":2.5269061479483175,"margin":7043}],"difficulty":2.5269061479483175,"margin":7043,"num_candidates":4}}}