{"metadata":{"candidates":["ANDERSON John","MCILRATH Christopher","CLARKE Bruce","HUNTER Alan","LYON Michael","PUGH Asren","DEY Duncan","SWIVEL Mark","COOREY Cate"],"contest":"Byron Mayoral","riskLimit":0.03,"assertionRisks":[1.0,1.0,1.0,1.0,1.0,1.0,1.0,1.0,1.0,1.0,1.0,1.0,1.0,1.0,1.0,1.0,1.0,1.0,1.0]},"solution":{"Ok":{"assertions":[{"assertion":{"type":"NEB","winner":4,"loser":0},"difficulty":6.469017094017094,"margin":2808},{"assertion":{"type":"NEB","winner":4,"loser":3},"difficulty":8.658245948522403,"margin":2098},{"assertion":{"type":"NEB","winner":4,"loser":2},"difficulty":9.734726688102894,"margin":1866},{"assertion":{"type":"NEB","winner":4,"loser":1},"difficulty":5.430493273542601,"margin":3345},{"assertion":{"type":"NEN","winner":4,"loser":6,"continuing":[4,6]},"difficulty":6.233699382292381,"margin":2914},{"assertion":{"type":"NEN","winner":4,"loser":5,"continuing":[4,5]},"difficulty":7.953152364273205,"margin":2284},{"assertion":{"type":"NEN","winner":4,"loser":7,"continuing":[4,7]},"difficulty":17.13679245283019,"margin":1060},{"assertion":{"type":"NEN","winner":4,"loser":8,"continuing":[4,8]},"difficulty":7.890964378801042,"margin":2302},{"assertion":{"type":"NEN","winner":4,"loser":6,"continuing":[4,6,7]},"difficulty":12.450308430431802,"margin":1459},{"assertion":{"type":"NEN","winner":4,"loser":6,"continuing":[4,6,8]},"difficulty":5.522955305564001,"margin":3289},{"assertion":{"type":"NEN","winner":4,"loser":5,"continuing":[4,5,6]},"difficulty":7.729787234042553,"margin":2350},{"assertion":{"type":"NEN","winner":4,"loser":5,"continuing":[4,5,7]},"difficulty":6.065108514190317,"margin":2995},{"assertion":{"type":"NEN","winner":4,"loser":5,"continuing":[4,5,8]},"difficulty":10.07487520798669,"margin":1803},{"assertion":{"type":"NEN","winner":4,"loser":8,"continuing":[4,7,8]},"difficulty":14.708502024291498,"margin":1235},{"assertion":{"type":"NEN","winner":4,"loser":6,"continuing":[4,5,6,8]},"difficulty":7.970601140851251,"margin":2279},{"assertion":{"type":"NEN","winner":4,"loser":5,"continuing":[4,5,6,7]},"difficulty":6.193317422434368,"margin":2933},{"assertion":{"type":"NEN","winner":4,"loser":5,"continuing":[4,5,7,8]},"difficulty":7.330508474576271,"margin":2478},{"assertion":{"type":"NEN","winner":4,"loser":8,"continuing":[4,6,7,8]},"difficulty":8.917525773195877,"margin":2037},{"assertion":{"type":"NEN","winner":4,"loser":5,"continuing":[4,5,6,7,8]},"difficulty":6.826381059751973,"margin":2661}],"difficulty":17.13679245283019,"margin":1060,"num_candidates":9}}}