{"metadata":{"candidates":["JAGO Charles","RAMONDINO Daniela","LITTLE Julia","MEGNA Michael","TSIREKAS Angelo"],"contest":"Canada Bay Mayoral","riskLimit":0.03,"assertionRisks":[1.0,1.0,1.0,1.0,1.0]},"solution":{"Ok":{"assertions":[{"assertion":{"type":"NEB","winner":4,"loser":0},"difficulty":5.637862950058072,"margin":8610},{"assertion":{"type":"NEB","winner":4,"loser":1},"difficulty":4.124214103653356,"margin":11770},{"assertion":{"type":"NEN","winner":4,"loser":2,"continuing":[2,4]},"difficulty":8.140533288613113,"margin":5963},{"assertion":{"type":"NEN","winner":4,"loser":3,"continuing":[3,4]},"difficulty":5.364349651895237,"margin":9049},{"assertion":{"type":"NEN","winner":4,"loser":3,"continuing":[2,3,4]},"difficulty":6.224131298884473,"margin":7799}],"difficulty":8.140533288613113,"margin":5963,"num_candidates":5}}}