{"metadata":{"candidates":["ZAPPACOSTA Dino","NAPOLI Anne","CURRAN Doug","MERCURI Rina","LA ROCCA Mariacarmina (Carmel)"],"contest":"City of Griffith Mayoral ","riskLimit":0.03,"assertionRisks":[1.0,1.0,1.0,1.0,1.0,1.0,1.0,1.0]},"solution":{"Ok":{"assertions":[{"assertion":{"type":"NEB","winner":2,"loser":4},"difficulty":3.2431381518755718,"margin":4372},{"assertion":{"type":"NEN","winner":2,"loser":0,"continuing":[0,2]},"difficulty":3.249083409715857,"margin":4364},{"assertion":{"type":"NEN","winner":2,"loser":1,"continuing":[1,2]},"difficulty":3.9320576816417083,"margin":3606},{"assertion":{"type":"NEN","winner":2,"loser":3,"continuing":[2,3]},"difficulty":3.504448838358873,"margin":4046},{"assertion":{"type":"NEN","winner":2,"loser":0,"continuing":[0,1,2]},"difficulty":3.3012805587892897,"margin":4295},{"assertion":{"type":"NEN","winner":2,"loser":0,"continuing":[0,2,3]},"difficulty":3.3663342830009495,"margin":4212},{"assertion":{"type":"NEN","winner":2,"loser":3,"continuing":[1,2,3]},"difficulty":3.2283697632058286,"margin":4392},{"assertion":{"type":"NEN","winner":2,"loser":3,"continuing":[0,1,2,3]},"difficulty":3.322943520037497,"margin":4267}],"difficulty":3.9320576816417083,"margin":3606,"num_candidates":5}}}