{"metadata":{"candidates":["OLSEN Ian","MOORES John","MURRAY Janet","SUVAAL Jay"],"contest":"City of Cessnock Mayoral","riskLimit":0.03,"assertionRisks":[1.0,1.0,1.0]},"solution":{"Ok":{"assertions":[{"assertion":{"type":"NEB","winner":3,"loser":1},"difficulty":5.372736640659502,"margin":6793},{"assertion":{"type":"NEB","winner":3,"loser":2},"difficulty":3.686938074552985,"margin":9899},{"assertion":{"type":"NEN","winner":3,"loser":0,"continuing":[0,3]},"difficulty":6.466513111268604,"margin":5644}],"difficulty":6.466513111268604,"margin":5644,"num_candidates":4}}}