{"metadata":{"candidates":["Nicole Speer","Bob Yates","Aaron Brockett","Paul Tweedlie"],"contest":"City of Boulder Mayoral","riskLimit":0.03,"assertionRisks":[1.0,1.0,1.0]},"solution":{"Ok":{"assertions":[{"assertion":{"type":"NEB","winner":2,"loser":0},"difficulty":46.40923196276183,"margin":2578},{"assertion":{"type":"NEB","winner":2,"loser":3},"difficulty":14.260190703218116,"margin":8390},{"assertion":{"type":"NEN","winner":2,"loser":1,"continuing":[1,2]},"difficulty":97.42915309446254,"margin":1228}],"difficulty":97.42915309446254,"margin":1228,"num_candidates":4}}}