{"metadata":{"candidates":["GALLAGHER Dave","KENNEDY Tom","TURLEY Darriea"],"contest":"City of Broken Hill Mayoral","riskLimit":0.03,"assertionRisks":[1.0,1.0,1.0]},"solution":{"Ok":{"assertions":[{"assertion":{"type":"NEN","winner":1,"loser":0,"continuing":[0,1]},"difficulty":3.2773567747802366,"margin":3299},{"assertion":{"type":"NEN","winner":1,"loser":2,"continuing":[1,2]},"difficulty":3.1978704525288375,"margin":3381},{"assertion":{"type":"NEN","winner":1,"loser":0,"continuing":[0,1,2]},"difficulty":3.1275672548452413,"margin":3457}],"difficulty":3.2773567747802366,"margin":3299,"num_candidates":3}}}