{"metadata":{"candidates":["JARRETT Shauna","ELLSMORE Sylvie","MOORE Clover","SCOTT Linda","WELDON Yvonne","VITHOULKAS Angela"],"contest":"City of Sydney Mayoral","riskLimit":0.03,"assertionRisks":[1.0,1.0,1.0,1.0,1.0,1.0,1.0,1.0,1.0,1.0,1.0,1.0,1.0,1.0,1.0,1.0]},"solution":{"Ok":{"assertions":[{"assertion":{"type":"NEB","winner":2,"loser":5},"difficulty":3.487463951503737,"margin":33982},{"assertion":{"type":"NEN","winner":2,"loser":0,"continuing":[0,2]},"difficulty":2.8911468371105853,"margin":40991},{"assertion":{"type":"NEN","winner":2,"loser":1,"continuing":[1,2]},"difficulty":3.0947668041990912,"margin":38294},{"assertion":{"type":"NEN","winner":2,"loser":3,"continuing":[2,3]},"difficulty":3.6873366521468576,"margin":32140},{"assertion":{"type":"NEN","winner":2,"loser":4,"continuing":[2,4]},"difficulty":3.6420098340503997,"margin":32540},{"assertion":{"type":"NEN","winner":2,"loser":0,"continuing":[0,2,3]},"difficulty":3.1484551419994156,"margin":37641},{"assertion":{"type":"NEN","winner":2,"loser":0,"continuing":[0,2,4]},"difficulty":3.3133247595616195,"margin":35768},{"assertion":{"type":"NEN","winner":2,"loser":1,"continuing":[0,1,2]},"difficulty":3.014243202685861,"margin":39317},{"assertion":{"type":"NEN","winner":2,"loser":1,"continuing":[1,2,3]},"difficulty":2.769077994298799,"margin":42798},{"assertion":{"type":"NEN","winner":2,"loser":1,"continuing":[1,2,4]},"difficulty":2.875154661685145,"margin":41219},{"assertion":{"type":"NEN","winner":2,"loser":4,"continuing":[2,3,4]},"difficulty":3.371291212698774,"margin":35153},{"assertion":{"type":"NEN","winner":2,"loser":1,"continuing":[0,1,2,3]},"difficulty":2.840287597363691,"margin":41725},{"assertion":{"type":"NEN","winner":2,"loser":1,"continuing":[0,1,2,4]},"difficulty":2.912032827972578,"margin":40697},{"assertion":{"type":"NEN","winner":2,"loser":1,"continuing":[1,2,3,4]},"difficulty":2.815255606233371,"margin":42096},{"assertion":{"type":"NEN","winner":2,"loser":4,"continuing":[0,2,3,4]},"difficulty":3.2483006249314768,"margin":36484},{"assertion":{"type":"NEN","winner":2,"loser":1,"continuing":[0,1,2,3,4]},"difficulty":2.8704887855447367,"margin":41286}],"difficulty":3.6873366521468576,"margin":32140,"num_candidates":6}}}