{"metadata":{"candidates":["PIKE Donna","PRYCE Rodger","CECATO George","CASSELL Jonathan","JUDGE Tony","AMOS Paul","TOWNLEY Sally","ARKAN John","SWAN Tegan","ADENDORFF Michael"],"contest":"City of Coffs Harbour Mayoral","riskLimit":0.03,"assertionRisks":[1.0,1.0,1.0,1.0,1.0,1.0,1.0,1.0,1.0,1.0,1.0,1.0,1.0,1.0,1.0,1.0,1.0,1.0,1.0,1.0,1.0,1.0,1.0,1.0,1.0,1.0,1.0,1.0,1.0,1.0,1.0,1.0,1.0,1.0,1.0]},"solution":{"Ok":{"assertions":[{"assertion":{"type":"NEB","winner":5,"loser":0},"difficulty":6.31626800951182,"margin":7149},{"assertion":{"type":"NEB","winner":5,"loser":3},"difficulty":7.9976974849450935,"margin":5646},{"assertion":{"type":"NEB","winner":5,"loser":7},"difficulty":5.99667994687915,"margin":7530},{"assertion":{"type":"NEB","winner":5,"loser":9},"difficulty":5.891831941544885,"margin":7664},{"assertion":{"type":"NEN","winner":5,"loser":1,"continuing":[1,5]},"difficulty":7.608256107834878,"margin":5935},{"assertion":{"type":"NEN","winner":5,"loser":2,"continuing":[2,5]},"difficulty":5.830213040671401,"margin":7745},{"assertion":{"type":"NEN","winner":5,"loser":4,"continuing":[4,5]},"difficulty":5.042997542997543,"margin":8954},{"assertion":{"type":"NEN","winner":5,"loser":6,"continuing":[5,6]},"difficulty":6.762767710049423,"margin":6677},{"assertion":{"type":"NEN","winner":5,"loser":8,"continuing":[5,8]},"difficulty":6.651200471350714,"margin":6789},{"assertion":{"type":"NEN","winner":5,"loser":2,"continuing":[1,2,5]},"difficulty":6.395892351274788,"margin":7060},{"assertion":{"type":"NEN","winner":5,"loser":2,"continuing":[2,5,6]},"difficulty":7.035680897475849,"margin":6418},{"assertion":{"type":"NEN","winner":5,"loser":2,"continuing":[2,5,8]},"difficulty":6.013450526035424,"margin":7509},{"assertion":{"type":"NEN","winner":5,"loser":4,"continuing":[1,4,5]},"difficulty":5.603052487901725,"margin":8059},{"assertion":{"type":"NEN","winner":5,"loser":4,"continuing":[2,4,5]},"difficulty":5.303617571059432,"margin":8514},{"assertion":{"type":"NEN","winner":5,"loser":4,"continuing":[4,5,6]},"difficulty":5.4357770554953655,"margin":8307},{"assertion":{"type":"NEN","winner":5,"loser":4,"continuing":[4,5,8]},"difficulty":5.165884910193341,"margin":8741},{"assertion":{"type":"NEN","winner":5,"loser":6,"continuing":[1,5,6]},"difficulty":8.571564160971906,"margin":5268},{"assertion":{"type":"NEN","winner":5,"loser":6,"continuing":[5,6,8]},"difficulty":6.939449823267251,"margin":6507},{"assertion":{"type":"NEN","winner":5,"loser":8,"continuing":[1,5,8]},"difficulty":7.242181234963914,"margin":6235},{"assertion":{"type":"NEN","winner":5,"loser":2,"continuing":[1,2,5,6]},"difficulty":7.751931330472103,"margin":5825},{"assertion":{"type":"NEN","winner":5,"loser":2,"continuing":[1,2,5,8]},"difficulty":6.5565558298243065,"margin":6887},{"assertion":{"type":"NEN","winner":5,"loser":2,"continuing":[2,5,6,8]},"difficulty":7.063194118567183,"margin":6393},{"assertion":{"type":"NEN","winner":5,"loser":4,"continuing":[1,2,4,5]},"difficulty":5.808464111139696,"margin":7774},{"assertion":{"type":"NEN","winner":5,"loser":4,"continuing":[1,4,5,6]},"difficulty":6.044846050870147,"margin":7470},{"assertion":{"type":"NEN","winner":5,"loser":4,"continuing":[1,4,5,8]},"difficulty":5.663489276307538,"margin":7973},{"assertion":{"type":"NEN","winner":5,"loser":4,"continuing":[2,4,5,6]},"difficulty":5.6913284597932945,"margin":7934},{"assertion":{"type":"NEN","winner":5,"loser":4,"continuing":[2,4,5,8]},"difficulty":5.502010478859511,"margin":8207},{"assertion":{"type":"NEN","winner":5,"loser":4,"continuing":[4,5,6,8]},"difficulty":5.487301008628023,"margin":8229},{"assertion":{"type":"NEN","winner":5,"loser":8,"continuing":[1,5,6,8]},"difficulty":7.98073524213503,"margin":5658},{"assertion":{"type":"NEN","winner":5,"loser":2,"continuing":[1,2,5,6,8]},"difficulty":7.741299502828733,"margin":5833},{"assertion":{"type":"NEN","winner":5,"loser":4,"continuing":[1,2,4,5,6]},"difficulty":6.229994481236203,"margin":7248},{"assertion":{"type":"NEN","winner":5,"loser":4,"continuing":[1,2,4,5,8]},"difficulty":5.961843147610246,"margin":7574},{"assertion":{"type":"NEN","winner":5,"loser":4,"continuing":[1,4,5,6,8]},"difficulty":6.024683122081387,"margin":7495},{"assertion":{"type":"NEN","winner":5,"loser":4,"continuing":[2,4,5,6,8]},"difficulty":5.819693259440649,"margin":7759},{"assertion":{"type":"NEN","winner":5,"loser":4,"continuing":[1,2,4,5,6,8]},"difficulty":6.315384615384615,"margin":7150}],"difficulty":8.571564160971906,"margin":5268,"num_candidates":10}}}